Track,Artist,Track Popularity,Followers,Genres,Artist Popularity,Release Date,Date,Total Playlists,360 Dance,All Night Dance Party,Bass Arcade,Bass Explosion,Beast Mode,Cardio,Chillout Lounge,Club Beats,Dance Hits,Dance Party,Dance Rising,Electro Chill,Electronic Circus,Electronic Rising,Fit mit Beat,Friday Cratediggers,Friday Funday,Groove Theory,Happy Beats,Happy Dance,Heart Beats,House is a Feeling,Impulso Creativo,Just Chill,Lounge Soft House,Lowkey Tech,Main Stage,Massive Dance Hits,Maximum,Metropolis,Motivation Mix,Motivation pour le sport,Night Rider,Organica,Partyhymnen,Pepplatar till traningspasset,Power Hour,Running UK,Stimmungsmacher,Techno Bunker,Traning,UK House Music,Wake Up Happy,Wochenende,Workout Beats,You Can Do It,Young & Free,mint,mint Canada
Drown (feat. Clinton Kane),Martin Garrix,78,12851366,"['big room', 'edm', 'pop', 'progressive house', 'tropical house']",84,2020-02-27,2020-03-15,6,1,0,0,0,0,0,0,0,0,0,0,0,0,0,0,0,1,0,0,0,0,0,0,0,0,0,0,0,0,0,1,1,0,0,0,0,0,0,0,0,0,0,0,0,0,0,0,1,1
Mistakes,Jonas Blue,70,2648260,"['dance pop', 'edm', 'pop', 'tropical house', 'uk dance']",82,2020-02-28,2020-03-15,5,0,0,0,0,0,0,0,0,0,0,1,0,0,0,0,0,1,0,0,0,0,0,0,0,0,0,0,1,0,0,0,0,0,0,0,0,0,0,1,0,0,0,0,0,0,0,0,0,1
Where You Wanna Be,R3HAB,58,1975970,"['big room', 'dutch house', 'edm', 'electro house', 'pop', 'progressive electro house', 'tropical house']",82,2020-03-13,2020-03-15,5,0,0,0,0,0,1,0,0,0,0,0,0,0,0,0,1,1,0,0,0,0,0,0,0,0,0,0,0,0,0,1,0,0,0,0,0,0,0,0,0,0,0,0,0,0,0,0,0,1
I Found You,Cash Cash,66,518091,"['big room', 'dance pop', 'edm', 'electro house', 'electropop', 'electropowerpop', 'indie poptimism', 'pop', 'pop edm', 'tropical house']",71,2020-02-28,2020-03-15,4,0,0,0,0,0,0,0,0,0,0,1,0,0,0,0,0,0,0,0,0,0,0,0,0,0,0,0,0,0,0,0,0,0,0,0,1,0,0,0,0,1,0,0,0,0,0,0,0,1
My Life,Solardo,41,65334,"['deep groove house', 'deep house', 'house']",62,2020-03-13,2020-03-15,4,0,0,0,0,0,0,0,0,0,0,0,0,0,0,0,1,0,0,0,0,0,0,0,0,0,0,0,1,0,0,0,0,0,0,0,0,0,0,0,0,0,1,0,0,0,1,0,0,0
Tondo,Disclosure,62,1717523,"['house', 'pop', 'tropical house', 'uk dance']",81,2020-02-25,2020-03-15,4,0,0,0,0,0,0,0,0,0,0,0,0,0,0,0,0,0,0,0,0,0,1,0,0,0,0,0,1,0,0,0,0,0,1,0,0,0,0,0,0,0,1,0,0,0,0,0,0,0
Stronger,Dombresky,43,49166,"['bass house', 'deep groove house', 'edm', 'electro house', 'house']",56,2020-03-13,2020-03-15,4,0,0,0,0,0,0,0,0,0,0,0,0,0,0,0,1,0,0,0,0,0,1,0,0,0,0,0,0,0,0,0,0,0,0,0,0,0,0,0,0,0,0,0,0,0,1,0,1,0
Mutual Love,Shallou,48,119308,"['edm', 'electropop', 'indie poptimism', 'indietronica', 'new french touch', 'tropical house', 'vapor soul']",66,2020-03-13,2020-03-15,4,0,0,0,0,0,1,0,0,0,0,0,0,0,0,0,1,0,0,0,0,0,0,0,1,0,0,0,0,0,0,0,0,0,0,0,0,0,0,0,0,0,0,0,0,0,0,0,0,1
One Last Time,Alesso,64,3296311,"['big room', 'dance pop', 'edm', 'electro house', 'pop', 'progressive electro house', 'progressive house', 'tropical house']",77,2020-03-06,2020-03-15,4,0,0,0,0,0,1,0,0,0,0,1,0,0,0,0,0,0,0,0,0,0,0,0,0,0,0,0,0,0,0,0,0,0,0,0,0,0,0,0,0,1,0,0,0,0,0,0,0,1
Stupid Love,Lady Gaga,90,10812937,"['dance pop', 'pop', 'post-teen pop']",88,2020-02-28,2020-03-15,3,0,0,0,0,0,0,0,0,0,0,0,0,0,0,0,0,0,0,0,0,0,0,0,0,0,0,0,0,0,0,0,0,0,0,0,1,0,0,1,0,0,0,0,0,0,0,0,1,0
All the Ladies,Fatboy Slim,45,727168,['big beat'],66,2020-03-13,2020-03-15,3,0,0,0,0,0,0,0,0,0,0,0,0,0,0,0,1,0,0,0,0,0,1,0,0,0,0,0,0,0,0,0,0,0,0,0,0,0,0,0,0,0,1,0,0,0,0,0,0,0
Kids,Sondr,50,5018,"['deep tropical house', 'pop edm', 'tropical house']",57,2020-03-06,2020-03-15,3,0,0,0,0,0,0,0,0,0,0,0,0,0,0,0,0,0,0,0,0,0,0,0,0,0,0,0,0,0,0,1,0,0,0,0,0,0,0,0,0,1,0,0,0,0,0,0,0,1
SICKO,Felix Jaehn,56,960787,"['dance pop', 'edm', 'electro house', 'german dance', 'pop', 'tropical house']",78,2020-03-13,2020-03-15,3,0,0,0,0,0,0,0,0,0,0,0,0,0,0,0,1,1,0,0,0,0,0,0,0,0,0,0,0,0,0,0,0,0,0,0,0,0,0,0,0,0,0,0,0,0,0,0,0,1
Detroit 3 AM - Radio Edit,David Guetta,67,21077016,"['dance pop', 'edm', 'pop', 'pop rap', 'tropical house']",87,2020-03-06,2020-03-15,3,0,0,0,0,0,0,0,0,0,0,1,0,0,0,0,0,0,0,0,0,0,0,0,0,0,0,0,0,1,0,0,0,0,0,0,0,0,0,0,0,1,0,0,0,0,0,0,0,0
Forty Deuce,Boston Bun,44,15447,['pop edm'],52,2020-02-28,2020-03-15,3,0,0,0,0,0,0,0,0,0,0,0,0,0,0,0,0,0,1,1,0,0,0,0,0,0,0,0,0,0,0,0,0,0,0,0,0,0,0,0,0,0,1,0,0,0,0,0,0,0
Drop The Pressure,Claptone,42,282059,"['deep disco house', 'german house', 'german techno', 'house', 'progressive house', 'tropical house']",66,2020-03-13,2020-03-15,3,0,0,0,0,0,0,0,0,0,0,0,0,0,0,0,1,0,0,0,0,0,1,0,0,0,0,0,0,0,0,0,0,0,0,0,0,0,0,0,0,0,0,0,0,0,1,0,0,0
Numb,Elderbrook,60,104047,"['house', 'indie soul', 'new french touch', 'tropical house', 'vapor soul']",69,2020-03-06,2020-03-15,3,0,0,0,0,0,0,0,0,0,0,0,0,0,0,0,0,0,0,0,0,0,0,0,0,0,0,0,1,0,0,0,0,0,0,0,0,0,0,0,0,0,0,0,1,0,0,0,0,1
Love Song,Duke Dumont,49,527459,"['dance pop', 'deep groove house', 'destroy techno', 'disco house', 'edm', 'house', 'pop', 'progressive house', 'tropical house', 'uk dance']",70,2020-03-10,2020-03-15,3,0,0,0,0,0,0,0,0,0,0,1,0,0,0,0,0,0,0,0,0,0,0,0,0,0,0,0,0,0,0,0,0,0,0,0,0,0,0,0,0,0,1,0,0,0,0,0,0,1
Mine,Felix Cartal,46,57504,"['big room', 'canadian electronic', 'deep tropical house', 'edm', 'electro house', 'electropop', 'indie poptimism', 'pop edm', 'tropical house']",60,2020-03-13,2020-03-15,2,0,0,0,0,0,0,0,0,0,0,0,0,0,0,0,1,0,0,0,0,0,0,0,0,0,0,0,0,0,0,0,0,0,0,0,0,0,0,0,0,0,0,0,0,0,0,0,0,1
Before U,Sonny Fodera,61,67457,"['deep groove house', 'deep house', 'disco house', 'house', 'tropical house', 'uk dance']",67,2020-02-28,2020-03-15,2,0,0,0,0,0,0,0,0,0,0,1,0,0,0,0,0,0,0,0,0,0,0,0,0,0,0,0,1,0,0,0,0,0,0,0,0,0,0,0,0,0,0,0,0,0,0,0,0,0
We Are Diamonds (feat. MPH),Jack Wins,50,18020,"['deep groove house', 'disco house', 'edm', 'electro house', 'house', 'pop edm', 'tropical house']",61,2020-03-06,2020-03-15,2,0,0,0,0,0,0,0,0,0,0,1,0,0,0,0,0,0,0,0,0,0,0,0,0,0,0,0,1,0,0,0,0,0,0,0,0,0,0,0,0,0,0,0,0,0,0,0,0,0
Sinner (Edit),Monolink,12,110671,"['deep melodic euro house', 'electronica', 'ethnotronica', 'tech house']",61,2020-03-13,2020-03-15,2,0,0,0,0,0,0,0,0,0,0,0,0,0,1,0,1,0,0,0,0,0,0,0,0,0,0,0,0,0,0,0,0,0,0,0,0,0,0,0,0,0,0,0,0,0,0,0,0,0
Rebel with a Cause,CLiQ,44,7667,"['deep groove house', 'house']",52,2020-02-28,2020-03-15,2,0,0,0,0,0,0,0,0,0,0,0,0,0,0,0,0,0,0,0,0,0,0,0,0,0,0,0,0,0,0,0,0,0,0,0,0,0,0,0,0,0,1,0,0,0,1,0,0,0
Lys (feat. Menke),Christian Löffler,43,130636,"['deep melodic euro house', 'electronica', 'hamburg electronic', 'microhouse', 'minimal techno', 'new french touch', 'organic electronic']",60,2020-03-12,2020-03-15,2,0,0,0,0,0,0,0,0,0,0,0,0,0,1,0,1,0,0,0,0,0,0,0,0,0,0,0,0,0,0,0,0,0,0,0,0,0,0,0,0,0,0,0,0,0,0,0,0,0
Say A Little Prayer,Brooks,42,194905,"['big room', 'deep big room', 'edm', 'electro house', 'future house', 'pop edm', 'progressive electro house', 'progressive house']",68,2020-03-13,2020-03-15,2,0,0,0,0,0,0,0,0,0,0,0,0,0,0,0,1,0,0,0,0,0,0,0,0,0,0,0,0,0,0,0,0,0,0,0,0,0,0,0,0,0,0,0,0,0,0,0,0,1
Krazy (feat. Afronaut Zu),Rudimental,59,1153570,"['dance pop', 'edm', 'liquid funk', 'pop', 'tropical house', 'uk dance', 'uk funky']",74,2020-03-06,2020-03-15,2,0,0,0,0,0,0,0,0,0,0,0,0,0,0,0,0,0,0,0,0,0,1,0,0,0,0,0,1,0,0,0,0,0,0,0,0,0,0,0,0,0,0,0,0,0,0,0,0,0
Seen It All,Everyone You Know,39,21020,['london indie'],54,2020-03-13,2020-03-15,2,0,0,0,0,0,0,0,0,0,0,0,0,0,0,0,0,0,0,0,0,0,0,0,1,0,0,0,0,0,0,0,0,0,0,0,0,0,0,0,0,0,0,0,0,0,0,0,0,1
Ballie (feat. Kah-Lo) - Destructo Remix,Idris Elba,47,54502,['uk tech house'],61,2020-03-06,2020-03-15,2,0,0,0,0,0,0,0,0,0,1,1,0,0,0,0,0,0,0,0,0,0,0,0,0,0,0,0,0,0,0,0,0,0,0,0,0,0,0,0,0,0,0,0,0,0,0,0,0,0
Murphy's Law - Edit,Róisín Murphy,50,161399,"['alternative dance', 'art pop', 'chamber psych', 'dance pop', 'electronica', 'electropop', 'indietronica', 'neo-synthpop', 'new rave', 'trip hop']",55,2020-03-04,2020-03-15,2,0,0,0,0,0,0,0,0,0,0,0,0,0,0,0,0,0,1,0,0,0,1,0,0,0,0,0,0,0,0,0,0,0,0,0,0,0,0,0,0,0,0,0,0,0,0,0,0,0
Like I Love You,Nico Santos,50,202007,['german pop'],68,2020-03-13,2020-03-15,2,0,0,0,0,0,0,0,0,0,0,0,0,0,0,0,1,0,0,0,0,0,0,0,0,0,0,0,0,0,0,0,0,0,0,0,0,0,0,1,0,0,0,0,0,0,0,0,0,0
Away - Bebetta Remix,Oliver Koletzki,37,189887,"['deep melodic euro house', 'electronica', 'german techno', 'minimal techno', 'organic electronic', 'tech house', 'tropical house']",59,2020-03-13,2020-03-15,2,0,0,0,0,0,0,0,0,0,0,0,0,0,1,0,1,0,0,0,0,0,0,0,0,0,0,0,0,0,0,0,0,0,0,0,0,0,0,0,0,0,0,0,0,0,0,0,0,0
Love To Give,Dimension,54,34718,"['drum and bass', 'liquid funk']",58,2020-03-06,2020-03-15,2,0,0,0,0,0,0,0,0,0,0,0,0,0,0,0,0,0,0,0,0,0,0,0,0,0,0,0,1,0,0,0,0,0,0,0,0,0,0,0,0,0,0,0,0,0,1,0,0,0
Walk On Water,GATTÜSO,58,35191,"['big room', 'edm', 'electro house', 'pop edm', 'tropical house']",68,2020-02-28,2020-03-15,2,0,0,0,0,0,0,0,0,0,0,0,0,0,0,0,0,0,0,0,0,0,0,0,0,0,0,1,0,0,0,0,0,0,0,0,0,0,0,0,0,0,0,0,0,0,0,0,1,0
The Other Side (from Trolls World Tour),SZA,83,3160870,"['alternative r&b', 'pop', 'pop rap', 'rap']",82,2020-02-26,2020-03-15,2,0,0,0,0,0,0,0,0,0,0,0,0,0,0,0,0,0,0,0,0,0,0,0,0,0,0,0,0,0,0,0,0,0,0,0,1,0,0,1,0,0,0,0,0,0,0,0,0,0
Can’t Stop Loving You,M-22,40,35315,"['dance pop', 'deep groove house', 'disco house', 'house', 'tropical house']",63,2020-03-13,2020-03-15,2,0,0,0,0,0,0,0,0,0,0,0,0,0,0,0,1,0,0,0,0,0,0,0,0,0,0,0,1,0,0,0,0,0,0,0,0,0,0,0,0,0,0,0,0,0,0,0,0,0
Cherry Cola,Lucky Luke,55,47878,"['bass trap', 'lithuanian electronic']",65,2020-03-06,2020-03-15,2,0,0,0,0,0,0,0,0,0,0,0,0,0,0,0,0,0,0,0,0,0,0,0,0,0,0,1,0,0,0,0,0,0,0,1,0,0,0,0,0,0,0,0,0,0,0,0,0,0
Opals - Andhim Remix,Catching Flies,46,32364,"['downtempo', 'indie dream pop', 'indie soul', 'new french touch', 'vapor soul', 'vapor twitch']",52,2020-03-04,2020-03-15,2,0,0,0,0,0,0,0,0,0,0,0,0,0,1,0,0,0,0,0,0,0,0,0,0,0,0,0,0,0,0,0,0,0,0,0,0,0,0,0,0,0,1,0,0,0,0,0,0,0
Nights Like This,Loud Luxury,64,273797,"['dance pop', 'edm', 'electro house', 'house', 'pop', 'tropical house']",75,2020-02-28,2020-03-15,2,0,0,0,0,0,0,0,0,0,0,0,0,0,0,0,0,0,0,0,0,0,0,0,0,0,0,0,0,0,0,0,0,0,0,0,0,0,0,0,0,0,0,0,0,0,0,0,1,1
Through The Pain,Juliet Fox,50,3258,[],43,2020-02-28,2020-03-15,2,0,0,0,0,0,0,0,0,0,0,0,0,0,1,0,0,0,0,0,0,0,0,0,0,0,0,0,0,0,0,0,0,0,0,0,0,0,0,0,1,0,0,0,0,0,0,0,0,0
Crusade,Marshmello,70,22128615,"['brostep', 'pop', 'progressive electro house']",86,2020-02-25,2020-03-15,2,0,0,1,0,0,0,0,0,0,0,1,0,0,0,0,0,0,0,0,0,0,0,0,0,0,0,0,0,0,0,0,0,0,0,0,0,0,0,0,0,0,0,0,0,0,0,0,0,0
Carry On,Martin Jensen,59,785136,"['big room', 'dance pop', 'danish electronic', 'deep tropical house', 'edm', 'electro house', 'pop', 'pop edm', 'tropical house']",73,2020-02-28,2020-03-15,2,0,0,0,0,0,0,0,0,0,0,0,0,0,0,0,0,0,0,0,0,0,0,0,0,0,0,0,0,0,0,0,0,0,0,0,0,0,0,0,0,0,0,0,1,0,0,0,0,1
Assassin,Ben Dust,46,5957,['dark techno'],39,2020-02-28,2020-03-15,2,0,0,0,0,0,0,0,0,0,0,0,0,0,1,0,0,0,0,0,0,0,0,0,0,0,0,0,0,0,0,0,0,0,0,0,0,0,0,0,1,0,0,0,0,0,0,0,0,0
Have You Never Been Mellow,Keanu Silva,54,15467,"['deep big room', 'future house']",62,2020-02-27,2020-03-15,2,0,0,0,0,0,0,0,0,0,0,0,0,0,0,0,0,0,0,0,0,0,0,0,0,0,0,1,0,0,0,0,0,0,0,0,0,0,0,0,0,1,0,0,0,0,0,0,0,0
Gummy,Loud Luxury,45,273797,"['dance pop', 'edm', 'electro house', 'house', 'pop', 'tropical house']",75,2020-03-13,2020-03-15,2,0,0,0,0,0,0,0,0,0,0,0,0,0,0,0,1,0,0,0,0,0,0,0,0,0,0,0,0,0,0,0,0,0,0,0,0,0,0,0,0,0,0,0,0,0,0,0,0,1
Do It For You,W&W,48,667146,"['big room', 'deep big room', 'edm', 'electro house', 'progressive electro house', 'progressive house', 'trance']",68,2020-03-13,2020-03-15,2,0,0,0,0,0,0,0,0,0,0,0,0,0,0,0,1,0,0,0,0,0,0,0,0,0,0,0,0,0,0,0,0,0,0,0,0,0,0,0,0,0,0,0,0,0,0,0,0,1
End of Time,K-391,74,182400,"['deep dubstep', 'nordic house']",72,2020-03-06,2020-03-15,2,0,0,0,0,0,0,0,0,0,0,1,0,0,0,0,0,0,0,0,0,0,0,0,0,0,0,0,0,0,0,0,0,0,0,0,0,0,0,0,0,0,0,0,0,0,0,0,0,1
Everywhere (feat. Maya Avedis),XO Cupid,44,3110,"['edm', 'pop', 'tropical house']",58,2020-03-13,2020-03-15,2,0,0,0,0,0,0,0,0,0,0,0,0,0,0,0,0,0,0,0,0,0,0,0,0,0,0,0,0,0,0,0,0,0,0,0,1,0,0,0,0,0,0,0,0,0,0,0,0,1
Violet Pill,Boris Brejcha,42,508358,"['german house', 'german techno', 'minimal techno', 'tech house']",65,2020-03-13,2020-03-15,2,0,0,0,0,0,0,0,0,0,0,0,0,0,1,0,1,0,0,0,0,0,0,0,0,0,0,0,0,0,0,0,0,0,0,0,0,0,0,0,0,0,0,0,0,0,0,0,0,0
High,Latmun,26,19633,"['house', 'tech house', 'uk tech house']",39,2020-03-13,2020-03-15,2,0,0,0,0,0,0,0,0,0,0,0,0,0,0,0,1,0,0,0,0,0,0,0,0,0,0,0,0,0,0,0,0,0,0,0,0,0,0,0,0,0,1,0,0,0,0,0,0,0
Interferencias - Original Mix,Audiomatiques,39,328,[],27,2020-03-06,2020-03-15,2,0,0,0,0,0,0,0,0,0,0,0,0,0,1,0,0,0,0,0,0,0,0,0,0,0,0,0,0,0,0,0,0,0,0,0,0,0,0,0,1,0,0,0,0,0,0,0,0,0
Every Color (with Foster The People),Louis The Child,67,338945,"['edm', 'electropop', 'indie poptimism', 'pop', 'tropical house']",72,2020-03-04,2020-03-15,2,0,0,0,0,0,0,0,0,0,0,1,0,0,0,0,0,0,0,0,0,0,0,0,0,0,0,0,0,0,0,0,0,0,0,0,0,0,0,0,0,0,0,0,0,0,0,1,0,0
Give Me Strength [edit],Love Regenerator,59,7844,[],59,2020-03-13,2020-03-15,2,0,0,0,0,0,0,0,0,0,0,0,0,0,0,0,1,0,0,0,0,0,0,0,0,0,0,0,0,0,0,0,0,0,0,0,0,0,0,0,0,0,0,0,0,0,0,0,0,1
In The Night,Joy Club,52,94,[],44,2020-03-06,2020-03-15,2,0,0,0,0,0,0,0,0,0,0,0,0,0,0,0,0,0,0,0,1,0,0,0,0,0,0,0,0,0,0,0,0,0,0,0,0,0,0,0,0,0,0,0,0,0,0,0,0,1
Deckard 7,Marc Houle,18,31185,"['canadian electronic', 'german techno', 'minimal techno', 'tech house']",32,2020-03-13,2020-03-15,1,0,0,0,0,0,0,0,0,0,0,0,0,0,1,0,0,0,0,0,0,0,0,0,0,0,0,0,0,0,0,0,0,0,0,0,0,0,0,0,0,0,0,0,0,0,0,0,0,0
Toxic Temptation - Undercatt Remix,Peer Kusiv,41,10912,['deep techno'],38,2020-02-28,2020-03-15,1,0,0,0,0,0,0,0,0,0,0,0,0,0,1,0,0,0,0,0,0,0,0,0,0,0,0,0,0,0,0,0,0,0,0,0,0,0,0,0,0,0,0,0,0,0,0,0,0,0
Remain,Perto,23,2594,[],30,2020-03-13,2020-03-15,1,0,0,0,0,0,0,0,0,0,0,0,0,0,0,0,0,0,0,0,0,0,0,0,1,0,0,0,0,0,0,0,0,0,0,0,0,0,0,0,0,0,0,0,0,0,0,0,0,0
Something Comforting,Porter Robinson,63,751821,"['big room', 'brostep', 'complextro', 'edm', 'electro house', 'moombahton', 'progressive electro house']",66,2020-03-10,2020-03-15,1,0,0,0,0,0,0,0,0,0,0,0,0,0,0,0,1,0,0,0,0,0,0,0,0,0,0,0,0,0,0,0,0,0,0,0,0,0,0,0,0,0,0,0,0,0,0,0,0,0
Hypnotic Garden,Paul Rudder,12,740,[],23,2020-03-27,2020-03-15,1,0,0,0,0,0,0,0,0,0,0,0,0,0,0,0,0,0,0,0,0,0,1,0,0,0,0,0,0,0,0,0,0,0,0,0,0,0,0,0,0,0,0,0,0,0,0,0,0,0
Oye Mami,Mike Candys,46,136158,"['edm', 'partyschlager', 'pop house']",64,2020-03-06,2020-03-15,1,0,0,0,0,0,0,0,0,0,0,0,0,0,0,0,0,0,0,0,0,0,0,0,0,0,0,1,0,0,0,0,0,0,0,0,0,0,0,0,0,0,0,0,0,0,0,0,0,0
Chameleon,Mako,42,87894,"['big room', 'deep tropical house', 'edm', 'electro house', 'indie poptimism', 'pop edm', 'progressive electro house', 'tropical house']",67,2020-02-28,2020-03-15,1,0,0,0,0,0,0,0,0,0,0,1,0,0,0,0,0,0,0,0,0,0,0,0,0,0,0,0,0,0,0,0,0,0,0,0,0,0,0,0,0,0,0,0,0,0,0,0,0,0
D.I.M.O.N.,Maksim Dark,37,9325,"['dark techno', 'deep minimal techno', 'psytech', 'russian techno']",36,2020-03-02,2020-03-15,1,0,0,0,0,0,0,0,0,0,0,0,0,0,1,0,0,0,0,0,0,0,0,0,0,0,0,0,0,0,0,0,0,0,0,0,0,0,0,0,0,0,0,0,0,0,0,0,0,0
Southern Sun - Tilt Summer Of Love Remix,Paul Oakenfold,24,132140,"['big beat', 'progressive house', 'trance', 'uplifting trance']",54,2020-02-28,2020-03-15,1,0,0,0,0,0,0,0,0,0,0,0,0,0,0,0,1,0,0,0,0,0,0,0,0,0,0,0,0,0,0,0,0,0,0,0,0,0,0,0,0,0,0,0,0,0,0,0,0,0
Boyfriend,Mabel,76,643984,"['dance pop', 'pop', 'post-teen pop', 'tropical house', 'uk pop']",79,2020-02-26,2020-03-15,1,0,0,0,0,0,0,0,0,0,0,0,0,0,0,0,0,1,0,0,0,0,0,0,0,0,0,0,0,0,0,0,0,0,0,0,0,0,0,0,0,0,0,0,0,0,0,0,0,0
Where's The Party feat. Kyozo - Edit,Prok & Fitch,36,20479,"['bass house', 'deep groove house', 'disco house', 'funky tech house', 'house', 'tech house', 'tribal house']",42,2020-02-28,2020-03-15,1,0,0,0,0,0,0,0,0,0,0,0,0,0,0,0,0,0,0,0,0,0,0,0,0,0,0,0,0,0,0,0,0,0,0,0,0,0,0,0,0,0,1,0,0,0,0,0,0,0
BACK IN TIME,MIME,20,5986,[],43,2020-03-09,2020-03-15,1,0,0,0,0,0,0,0,0,0,0,0,0,0,0,0,1,0,0,0,0,0,0,0,0,0,0,0,0,0,0,0,0,0,0,0,0,0,0,0,0,0,0,0,0,0,0,0,0,0
Stuck On You,RAC,47,125677,"['alternative dance', 'chillwave', 'electropop', 'indie pop', 'indie poptimism', 'indietronica', 'metropopolis', 'nu disco', 'shimmer pop', 'vapor soul']",61,2020-03-11,2020-03-15,1,0,0,0,0,0,0,0,0,0,0,0,0,0,0,0,1,0,0,0,0,0,0,0,0,0,0,0,0,0,0,0,0,0,0,0,0,0,0,0,0,0,0,0,0,0,0,0,0,0
6,RDNK,10,298,[],22,2020-03-06,2020-03-15,1,0,0,0,0,0,0,0,0,0,0,0,0,1,0,0,0,0,0,0,0,0,0,0,0,0,0,0,0,0,0,0,0,0,0,0,0,0,0,0,0,0,0,0,0,0,0,0,0,0
5,RDNK,28,298,[],22,2020-03-06,2020-03-15,1,0,0,0,0,0,0,0,0,0,0,0,0,0,1,0,0,0,0,0,0,0,0,0,0,0,0,0,0,0,0,0,0,0,0,0,0,0,0,0,0,0,0,0,0,0,0,0,0,0
Tonite - Pete Tong Remix,M.A.N.D.Y.,39,35420,"['microhouse', 'minimal techno', 'tech house']",40,2020-02-28,2020-03-15,1,0,0,0,0,0,0,0,0,0,0,0,0,0,1,0,0,0,0,0,0,0,0,0,0,0,0,0,0,0,0,0,0,0,0,0,0,0,0,0,0,0,0,0,0,0,0,0,0,0
Mother,Maribou State,45,179738,"['electronica', 'future garage', 'indie soul']",65,2020-03-11,2020-03-15,1,0,0,0,0,0,0,0,0,0,0,0,0,0,1,0,0,0,0,0,0,0,0,0,0,0,0,0,0,0,0,0,0,0,0,0,0,0,0,0,0,0,0,0,0,0,0,0,0,0
Mambo - GATTÜSO Remix,Nikki Vianna,23,5120,['nyc pop'],54,2020-03-13,2020-03-15,1,0,0,0,0,0,0,0,0,0,0,0,0,0,0,0,1,0,0,0,0,0,0,0,0,0,0,0,0,0,0,0,0,0,0,0,0,0,0,0,0,0,0,0,0,0,0,0,0,0
Paint The Sky,Mark Sixma,41,26133,"['big room', 'edm', 'progressive house', 'progressive trance', 'trance', 'uplifting trance']",54,2020-03-06,2020-03-15,1,0,0,0,0,0,0,0,0,0,0,1,0,0,0,0,0,0,0,0,0,0,0,0,0,0,0,0,0,0,0,0,0,0,0,0,0,0,0,0,0,0,0,0,0,0,0,0,0,0
Put Your Love on Me,Mr. Da-Nos,52,39342,[],44,2020-02-28,2020-03-15,1,0,0,0,0,0,0,0,0,0,0,0,0,0,0,0,0,0,0,0,0,0,0,0,0,0,0,1,0,0,0,0,0,0,0,0,0,0,0,0,0,0,0,0,0,0,0,0,0,0
Paradise,Mike Perry,49,853781,"['big room', 'dance pop', 'deep pop edm', 'deep tropical house', 'edm', 'electro house', 'pop', 'pop edm', 'swedish tropical house', 'tropical house']",71,2020-03-13,2020-03-15,1,0,0,0,0,0,0,0,0,0,0,0,0,0,0,0,0,0,0,0,0,0,0,0,0,0,0,0,0,0,0,0,0,0,0,0,0,0,0,0,0,0,0,0,0,0,0,0,0,1
Phenol House,Meg Ward,18,391,[],10,2020-03-09,2020-03-15,1,0,0,0,0,0,0,0,0,0,0,0,0,0,0,0,0,0,0,0,0,0,0,0,0,0,0,0,0,0,0,0,0,0,0,0,0,0,0,0,0,0,1,0,0,0,0,0,0,0
DOPAMINE,Mild Minds,27,3548,['australian dance'],43,2020-03-13,2020-03-15,1,0,0,0,0,0,0,0,0,0,0,0,0,0,0,0,0,0,0,0,0,0,0,0,1,0,0,0,0,0,0,0,0,0,0,0,0,0,0,0,0,0,0,0,0,0,0,0,0,0
Walking Away,Mind Against,38,48228,"['deep melodic euro house', 'deep techno', 'italian techno', 'melodic techno', 'minimal techno']",44,2020-03-13,2020-03-15,1,0,0,0,0,0,0,0,0,0,0,0,0,0,1,0,0,0,0,0,0,0,0,0,0,0,0,0,0,0,0,0,0,0,0,0,0,0,0,0,0,0,0,0,0,0,0,0,0,0
Mont Blanc (Purple Disco Machine Remix) - Edit,Mind Enterprises,33,5950,[],37,2020-03-13,2020-03-15,1,0,0,0,0,0,0,0,0,0,0,0,0,0,0,0,1,0,0,0,0,0,0,0,0,0,0,0,0,0,0,0,0,0,0,0,0,0,0,0,0,0,0,0,0,0,0,0,0,0
Komplicerad,Miss Li,35,93785,['swedish pop'],71,2020-02-28,2020-03-15,1,0,0,0,0,0,0,0,0,0,0,0,0,0,0,0,0,0,0,0,0,0,0,0,0,0,0,0,0,0,0,0,0,0,0,0,1,0,0,0,0,0,0,0,0,0,0,0,0,0
Hold On (feat. Cheat Codes) - 2020 Edit,Moguai,62,65151,"['big room', 'deep big room', 'edm', 'electro house', 'german techno', 'house', 'progressive electro house', 'progressive house', 'tech house']",63,2020-03-06,2020-03-15,1,0,0,0,0,0,0,0,0,0,0,0,0,0,0,0,0,0,0,0,0,0,0,0,0,0,0,0,0,0,0,0,0,0,0,0,0,0,0,0,0,0,0,0,0,0,0,0,1,0
Symphonia (with Sevenn & GW) - Remix,Mc Livinho,38,5294351,"['baile pop', 'brazilian edm', 'funk carioca', 'funk ostentacao']",73,2020-03-10,2020-03-15,1,0,0,0,0,0,0,0,0,0,0,0,0,0,0,0,1,0,0,0,0,0,0,0,0,0,0,0,0,0,0,0,0,0,0,0,0,0,0,0,0,0,0,0,0,0,0,0,0,0
Back To Me (feat. Jimmy Nevis),Max Styler,35,12117,"['brostep', 'edm', 'electro house', 'pop edm']",58,2020-03-06,2020-03-15,1,0,0,0,0,0,0,0,0,0,0,1,0,0,0,0,0,0,0,0,0,0,0,0,0,0,0,0,0,0,0,0,0,0,0,0,0,0,0,0,0,0,0,0,0,0,0,0,0,0
Fantazy,Matthias Meyer,18,7979,"['german house', 'hamburg electronic', 'minimal tech house']",36,2020-03-23,2020-03-15,1,0,0,0,0,0,0,0,0,0,0,0,0,0,1,0,0,0,0,0,0,0,0,0,0,0,0,0,0,0,0,0,0,0,0,0,0,0,0,0,0,0,0,0,0,0,0,0,0,0
Poor Connection,Ookay,34,208513,"['brostep', 'edm', 'electro house', 'electronic trap', 'pop edm', 'vapor twitch']",58,2020-03-13,2020-03-15,1,0,0,0,0,0,0,0,0,0,0,0,0,0,0,0,1,0,0,0,0,0,0,0,0,0,0,0,0,0,0,0,0,0,0,0,0,0,0,0,0,0,0,0,0,0,0,0,0,0
Lookin' At Me,Mason Maynard,35,10433,"['bass house', 'deep groove house', 'house']",44,2020-03-06,2020-03-15,1,0,0,0,0,0,0,0,0,0,0,0,0,0,0,0,0,0,0,0,0,0,0,0,0,0,0,0,0,0,0,0,0,0,0,0,0,0,0,0,0,0,1,0,0,0,0,0,0,0
Tambor,NAEMS,13,2991,"['deep big room', 'sky room']",32,2020-03-13,2020-03-15,1,0,0,0,0,0,0,0,0,0,0,0,0,0,0,1,0,0,0,0,0,0,0,0,0,0,0,0,0,0,0,0,0,0,0,0,0,0,0,0,0,0,0,0,0,0,0,0,0,0
Hydra,NLW,42,2796,"['deep big room', 'sky room']",31,2020-03-05,2020-03-15,1,0,0,0,0,0,0,0,0,0,0,0,0,0,0,1,0,0,0,0,0,0,0,0,0,0,0,0,0,0,0,0,0,0,0,0,0,0,0,0,0,0,0,0,0,0,0,0,0,0
Keep It Coming,Nhan Solo,32,3437,['deep disco house'],32,2020-03-06,2020-03-15,1,0,0,0,0,0,0,0,0,0,0,0,0,0,0,0,0,0,0,0,0,0,1,0,0,0,0,0,0,0,0,0,0,0,0,0,0,0,0,0,0,0,0,0,0,0,0,0,0,0
To All Believers,Marlon Hoffstadt,16,3887,['deep euro house'],38,2020-03-13,2020-03-15,1,0,0,0,0,0,0,0,0,0,0,0,0,0,1,0,0,0,0,0,0,0,0,0,0,0,0,0,0,0,0,0,0,0,0,0,0,0,0,0,0,0,0,0,0,0,0,0,0,0
Merci Paris,Nico Morano,18,3381,[],28,2020-03-13,2020-03-15,1,0,0,0,0,0,0,0,0,0,0,0,0,0,1,0,0,0,0,0,0,0,0,0,0,0,0,0,0,0,0,0,0,0,0,0,0,0,0,0,0,0,0,0,0,0,0,0,0,0
Love Is A Colour,Niconé,29,19758,"['deep euro house', 'deep melodic euro house', 'minimal techno', 'tech house']",46,2020-03-13,2020-03-15,1,0,0,0,0,0,0,0,0,0,0,0,0,0,1,0,0,0,0,0,0,0,0,0,0,0,0,0,0,0,0,0,0,0,0,0,0,0,0,0,0,0,0,0,0,0,0,0,0,0
The Clouds Silver Lining,Nils Hoffmann,35,13695,"['deep euro house', 'deep minimal techno']",50,2020-03-06,2020-03-15,1,0,0,0,0,0,0,0,0,0,0,0,0,0,1,0,0,0,0,0,0,0,0,0,0,0,0,0,0,0,0,0,0,0,0,0,0,0,0,0,0,0,0,0,0,0,0,0,0,0
The Tribe,Mark Tarmonea,41,7129,['german house'],45,2020-02-28,2020-03-15,1,0,0,0,0,0,0,0,0,0,0,0,0,0,1,0,0,0,0,0,0,0,0,0,0,0,0,0,0,0,0,0,0,0,0,0,0,0,0,0,0,0,0,0,0,0,0,0,0,0
Afro Sambroso - Rampa Version,Rampa,39,31793,"['deep disco house', 'deep euro house', 'deep house', 'deep melodic euro house', 'house', 'microhouse', 'minimal tech house', 'minimal techno', 'tech house']",51,2020-03-06,2020-03-15,1,0,0,0,0,0,0,0,0,0,0,0,0,0,1,0,0,0,0,0,0,0,0,0,0,0,0,0,0,0,0,0,0,0,0,0,0,0,0,0,0,0,0,0,0,0,0,0,0,0
ILTDUM - Bell Towers Remix,6tizen,27,19,[],14,2020-03-06,2020-03-15,1,0,0,0,0,0,0,0,0,0,0,0,0,0,1,0,0,0,0,0,0,0,0,0,0,0,0,0,0,0,0,0,0,0,0,0,0,0,0,0,0,0,0,0,0,0,0,0,0,0
Odd Behaviour - Original Mix,RanchaTek,24,426,['serbian electronic'],20,2020-03-02,2020-03-15,1,0,0,0,0,0,0,0,0,0,0,0,0,0,0,0,0,0,0,0,0,0,0,0,0,0,0,0,0,0,0,0,0,0,0,0,0,0,0,0,1,0,0,0,0,0,0,0,0,0
We Don’t Talk Enough,Vigiland,56,227174,"['dance pop', 'edm', 'electronic trap', 'pop rap', 'tropical house']",68,2020-02-28,2020-03-15,1,0,0,0,0,0,0,0,0,0,0,0,0,0,0,0,0,0,0,0,0,0,0,0,0,0,0,0,0,0,0,0,0,0,0,0,0,0,0,0,0,1,0,0,0,0,0,0,0,0
Horizon,Tilman,31,1131,['frankfurt electronic'],33,2020-03-02,2020-03-15,1,0,0,0,0,0,0,0,0,0,0,0,0,0,0,0,0,0,0,0,0,0,1,0,0,0,0,0,0,0,0,0,0,0,0,0,0,0,0,0,0,0,0,0,0,0,0,0,0,0
First Contact,Tim Engelhardt,40,12848,"['cologne electronic', 'deep melodic euro house', 'minimal tech house', 'minimal techno', 'tech house']",44,2020-03-06,2020-03-15,1,0,0,0,0,0,0,0,0,0,0,0,0,0,1,0,0,0,0,0,0,0,0,0,0,0,0,0,0,0,0,0,0,0,0,0,0,0,0,0,0,0,0,0,0,0,0,0,0,0
FUCK YEAH (feat. Toneshifterz),Timmy Trumpet,49,599133,"['australian dance', 'catstep', 'edm', 'melbourne bounce', 'melbourne bounce international']",74,2020-03-13,2020-03-15,1,0,0,0,0,0,0,0,0,0,0,0,0,0,0,0,1,0,0,0,0,0,0,0,0,0,0,0,0,0,0,0,0,0,0,0,0,0,0,0,0,0,0,0,0,0,0,0,0,0
Motorkraft,Toby Green,31,22118,"['big room', 'deep big room', 'edm', 'electro house', 'progressive electro house', 'progressive house']",57,2020-03-13,2020-03-15,1,0,0,0,0,0,0,0,0,0,0,0,0,0,0,0,1,0,0,0,0,0,0,0,0,0,0,0,0,0,0,0,0,0,0,0,0,0,0,0,0,0,0,0,0,0,0,0,0,0
La Napoule - Nathan Micay's Life in Every Breath Remix,Toh Imago,26,134,[],15,2020-03-05,2020-03-15,1,0,0,0,0,0,0,0,0,0,0,0,0,0,1,0,0,0,0,0,0,0,0,0,0,0,0,0,0,0,0,0,0,0,0,0,0,0,0,0,0,0,0,0,0,0,0,0,0,0
Brick By Brick - Vol2Cat Remix,Tommie Sunshine,15,13284,['electro house'],55,2020-03-13,2020-03-15,1,0,0,0,0,0,0,0,0,0,0,0,0,0,0,0,1,0,0,0,0,0,0,0,0,0,0,0,0,0,0,0,0,0,0,0,0,0,0,0,0,0,0,0,0,0,0,0,0,0
Hotel Moonlight,Trashlagoon,43,2165,[],35,2020-03-05,2020-03-15,1,0,0,0,0,0,0,0,0,0,0,0,0,0,1,0,0,0,0,0,0,0,0,0,0,0,0,0,0,0,0,0,0,0,0,0,0,0,0,0,0,0,0,0,0,0,0,0,0,0
Terra Nostra,Troste,36,661,['swiss house'],37,2020-03-06,2020-03-15,1,0,0,0,0,0,0,0,0,0,0,0,0,0,1,0,0,0,0,0,0,0,0,0,0,0,0,0,0,0,0,0,0,0,0,0,0,0,0,0,0,0,0,0,0,0,0,0,0,0
One Million,Tujamo,44,164652,"['big room', 'dance pop', 'deep big room', 'edm', 'electro house', 'house', 'progressive electro house', 'tropical house']",67,2020-03-13,2020-03-15,1,0,0,0,0,0,0,0,0,0,0,0,0,0,0,0,1,0,0,0,0,0,0,0,0,0,0,0,0,0,0,0,0,0,0,0,0,0,0,0,0,0,0,0,0,0,0,0,0,0
Into the Night - Space Food Remix,UNDERHER,28,6617,['canadian electronic'],35,2020-03-20,2020-03-15,1,0,0,0,0,0,0,0,0,0,0,0,0,0,1,0,0,0,0,0,0,0,0,0,0,0,0,0,0,0,0,0,0,0,0,0,0,0,0,0,0,0,0,0,0,0,0,0,0,0
Fight Back,Ummet Ozcan,53,311029,"['big room', 'deep big room', 'edm', 'electro house', 'progressive electro house', 'progressive house']",65,2020-03-06,2020-03-15,1,0,0,0,0,0,0,0,0,0,0,0,0,0,0,0,0,0,0,0,0,0,0,0,0,0,0,1,0,0,0,0,0,0,0,0,0,0,0,0,0,0,0,0,0,0,0,0,0,0
Day N' Night,VAVO,59,14557,['pop edm'],53,2020-03-06,2020-03-15,1,0,0,0,0,0,0,0,0,0,0,0,0,0,0,0,0,0,0,0,0,0,0,0,0,0,0,0,0,0,0,0,0,0,0,0,0,0,0,0,0,0,0,0,0,0,0,0,1,0
Dombresky+Boston Bun=Stronger,Various Artists,0,864701,[],0,2020-03-12,2020-03-15,1,0,0,0,0,0,0,0,0,0,0,0,0,0,0,0,0,0,0,0,0,0,0,0,0,0,0,0,0,0,0,0,0,0,0,0,0,0,0,0,0,0,0,0,0,0,0,0,1,0
Reign (Will I Still Be the Same?) - Knock2 Remix,Various Artists,37,864701,[],0,2020-02-28,2020-03-15,1,0,0,0,0,0,0,0,0,0,0,1,0,0,0,0,0,0,0,0,0,0,0,0,0,0,0,0,0,0,0,0,0,0,0,0,0,0,0,0,0,0,0,0,0,0,0,0,0,0
Keep Raving,Wax Motif,31,35063,"['bass house', 'brostep', 'electro house', 'electronic trap', 'house']",56,2020-03-13,2020-03-15,1,0,0,0,0,0,0,0,0,0,0,0,0,0,0,0,1,0,0,0,0,0,0,0,0,0,0,0,0,0,0,0,0,0,0,0,0,0,0,0,0,0,0,0,0,0,0,0,0,0
I Wish I Knew,Remy Cooper,19,1568,[],23,2020-03-13,2020-03-15,1,0,0,0,0,0,0,0,0,0,0,0,0,0,0,0,1,0,0,0,0,0,0,0,0,0,0,0,0,0,0,0,0,0,0,0,0,0,0,0,0,0,0,0,0,0,0,0,0,0
Always,Waze & Odyssey,56,20202,['uk house'],46,2020-02-28,2020-03-15,1,0,0,0,0,0,0,0,0,0,0,0,0,0,0,0,0,0,0,0,0,0,0,0,0,0,0,0,0,0,0,0,0,0,0,0,0,0,0,0,0,0,1,0,0,0,0,0,0,0
Courage,Wh0,36,2715,['uk dance'],49,2020-03-06,2020-03-15,1,0,0,0,0,0,0,0,0,0,0,0,0,0,0,0,0,0,0,0,0,0,0,0,0,0,0,0,0,0,0,0,0,0,0,0,0,0,0,0,0,0,1,0,0,0,0,0,0,0
Somebody Loves You,White Panda,48,97967,"['indie pop rap', 'mashup']",50,2020-03-05,2020-03-15,1,0,0,0,0,0,0,0,0,0,0,0,0,0,0,0,0,0,0,0,0,0,0,0,0,0,0,0,0,0,0,0,0,0,0,0,0,0,0,0,0,0,0,0,0,0,0,0,0,1
Adrenaline,Wildstylez,47,141067,"['euphoric hardstyle', 'hardstyle', 'rawstyle']",63,2020-03-12,2020-03-15,1,0,0,0,0,0,0,0,0,0,0,0,0,0,0,0,1,0,0,0,0,0,0,0,0,0,0,0,0,0,0,0,0,0,0,0,0,0,0,0,0,0,0,0,0,0,0,0,0,0
Do You Even Dubstep,YULTRON,48,23634,[],56,2020-02-26,2020-03-15,1,0,0,1,0,0,0,0,0,0,0,0,0,0,0,0,0,0,0,0,0,0,0,0,0,0,0,0,0,0,0,0,0,0,0,0,0,0,0,0,0,0,0,0,0,0,0,0,0,0
Take Me Back (MYRNE Remix),Yellow Claw,43,878054,"['bass trap', 'brostep', 'edm', 'electro house', 'electronic trap']",70,2020-03-12,2020-03-15,1,0,0,0,0,0,0,0,0,0,0,0,0,0,0,0,1,0,0,0,0,0,0,0,0,0,0,0,0,0,0,0,0,0,0,0,0,0,0,0,0,0,0,0,0,0,0,0,0,0
Super - Radio Edit,Yousef,41,10130,"['arab electronic', 'uk tech house']",36,2020-02-28,2020-03-15,1,0,0,0,0,0,0,0,0,0,0,0,0,0,0,0,0,0,0,0,0,0,0,0,0,0,0,0,0,0,0,0,0,0,0,0,0,0,0,0,0,0,1,0,0,0,0,0,0,0
Not So Bad (feat. Emie) - Zonderling Remix,Yves V,37,224948,"['belgian edm', 'big room', 'deep big room', 'edm', 'electro house', 'house', 'pop edm', 'progressive electro house', 'progressive house', 'tropical house']",68,2020-03-13,2020-03-15,1,0,0,0,0,0,0,0,0,0,0,0,0,0,0,0,1,0,0,0,0,0,0,0,0,0,0,0,0,0,0,0,0,0,0,0,0,0,0,0,0,0,0,0,0,0,0,0,0,0
COASTED - Jay Robinson Remix,deadmau5,48,2403933,"['big room', 'canadian electronic', 'edm', 'electro house', 'progressive house']",69,2020-03-13,2020-03-15,1,0,0,0,0,0,0,0,0,0,0,0,0,0,0,0,1,0,0,0,0,0,0,0,0,0,0,0,0,0,0,0,0,0,0,0,0,0,0,0,0,0,0,0,0,0,0,0,0,0
Hassling - Len Faki Hardspace Mix,fbk,38,206,[],25,2020-02-28,2020-03-15,1,0,0,0,0,0,0,0,0,0,0,0,0,0,1,0,0,0,0,0,0,0,0,0,0,0,0,0,0,0,0,0,0,0,0,0,0,0,0,0,0,0,0,0,0,0,0,0,0,0
alma - Frameworks Remix,il:lo,42,14622,"['chillstep', 'vapor twitch']",49,2020-03-06,2020-03-15,1,0,0,0,0,0,0,0,0,0,0,0,0,0,0,0,0,0,0,0,0,0,0,0,0,1,0,0,0,0,0,0,0,0,0,0,0,0,0,0,0,0,0,0,0,0,0,0,0,0
circles,pucca,37,105,[],41,2020-03-06,2020-03-15,1,0,0,0,0,0,0,0,0,0,0,0,0,0,0,0,1,0,0,0,0,0,0,0,0,0,0,0,0,0,0,0,0,0,0,0,0,0,0,0,0,0,0,0,0,0,0,0,0,0
Bust It,twoloud,42,133288,"['big room', 'deep big room', 'edm', 'electro house', 'progressive electro house', 'progressive house', 'sky room']",54,2020-03-02,2020-03-15,1,0,0,0,0,0,0,0,0,0,0,1,0,0,0,0,0,0,0,0,0,0,0,0,0,0,0,0,0,0,0,0,0,0,0,0,0,0,0,0,0,0,0,0,0,0,0,0,0,0
I Wanna Believe,tyDi,31,33499,"['australian dance', 'progressive house', 'trance', 'uplifting trance']",47,2020-03-13,2020-03-15,1,0,0,0,0,0,0,0,0,0,0,0,0,0,0,0,1,0,0,0,0,0,0,0,0,0,0,0,0,0,0,0,0,0,0,0,0,0,0,0,0,0,0,0,0,0,0,0,0,0
Vertigo - Radio Edit,Tibasko,32,938,[],28,2020-03-06,2020-03-15,1,0,0,0,0,0,0,0,0,0,0,0,0,0,0,0,0,0,0,0,0,0,0,0,0,0,0,0,0,0,0,0,0,0,0,0,0,0,0,0,0,0,1,0,0,0,0,0,0,0
Club Guerilla,Thomas Gold,30,132815,"['big room', 'deep big room', 'deep tropical house', 'edm', 'electro house', 'german techno', 'pop edm', 'progressive electro house', 'progressive house', 'sky room', 'tropical house']",58,2020-03-13,2020-03-15,1,0,0,0,0,0,0,0,0,0,0,0,0,0,0,0,1,0,0,0,0,0,0,0,0,0,0,0,0,0,0,0,0,0,0,0,0,0,0,0,0,0,0,0,0,0,0,0,0,0
Keep Your Head Spin,Thomas Gold,23,132815,"['big room', 'deep big room', 'deep tropical house', 'edm', 'electro house', 'german techno', 'pop edm', 'progressive electro house', 'progressive house', 'sky room', 'tropical house']",58,2020-03-13,2020-03-15,1,0,0,0,0,0,0,0,0,0,0,0,0,0,0,0,1,0,0,0,0,0,0,0,0,0,0,0,0,0,0,0,0,0,0,0,0,0,0,0,0,0,0,0,0,0,0,0,0,0
Second Chance (feat. Kimberly Davis),The Shapeshifters,42,36329,"['deep house', 'disco house', 'diva house', 'house', 'vocal house']",54,2020-02-28,2020-03-15,1,0,0,0,0,0,0,0,0,0,0,0,0,0,0,0,0,0,1,0,0,0,0,0,0,0,0,0,0,0,0,0,0,0,0,0,0,0,0,0,0,0,0,0,0,0,0,0,0,0
Good Time,Riggi & Piros,25,29443,"['deep big room', 'sky room']",56,2020-03-12,2020-03-15,1,0,0,0,0,0,0,0,0,0,0,0,0,0,0,0,1,0,0,0,0,0,0,0,0,0,0,0,0,0,0,0,0,0,0,0,0,0,0,0,0,0,0,0,0,0,0,0,0,0
How To Be Lonely,Rita Ora,60,5553953,"['dance pop', 'edm', 'pop', 'post-teen pop', 'tropical house', 'uk pop']",80,2020-03-13,2020-03-15,1,0,0,0,0,0,0,0,0,0,0,0,0,0,0,0,0,1,0,0,0,0,0,0,0,0,0,0,0,0,0,0,0,0,0,0,0,0,0,0,0,0,0,0,0,0,0,0,0,0
My Little Psycho Friend,Robert Babicz,38,34414,"['cologne electronic', 'deep melodic euro house', 'german techno', 'microhouse', 'minimal tech house', 'minimal techno', 'tech house']",43,2020-03-06,2020-03-15,1,0,0,0,0,0,0,0,0,0,0,0,0,0,1,0,0,0,0,0,0,0,0,0,0,0,0,0,0,0,0,0,0,0,0,0,0,0,0,0,0,0,0,0,0,0,0,0,0,0
Ghost,Robin M,18,132,[],33,2020-03-13,2020-03-15,1,0,0,0,0,0,0,0,0,0,0,0,0,0,0,0,1,0,0,0,0,0,0,0,0,0,0,0,0,0,0,0,0,0,0,0,0,0,0,0,0,0,0,0,0,0,0,0,0,0
Santa Cruz,Rodriguez Jr.,33,58827,"['deep disco house', 'deep euro house', 'deep melodic euro house', 'house', 'microhouse', 'minimal tech house', 'minimal techno', 'tech house']",50,2020-03-11,2020-03-15,1,0,0,0,0,0,0,0,0,0,0,0,0,0,1,0,0,0,0,0,0,0,0,0,0,0,0,0,0,0,0,0,0,0,0,0,0,0,0,0,0,0,0,0,0,0,0,0,0,0
The Sermon,Ron Carroll,42,3115,[],46,2020-02-28,2020-03-15,1,0,0,0,0,0,0,0,0,0,0,0,0,0,0,0,0,0,0,0,0,0,1,0,0,0,0,0,0,0,0,0,0,0,0,0,0,0,0,0,0,0,0,0,0,0,0,0,0,0
Amantes amentes,Ron Flatter,43,23067,"['deep euro house', 'deep melodic euro house', 'minimal techno', 'tech house']",48,2020-02-28,2020-03-15,1,0,0,0,0,0,0,0,0,0,0,0,0,0,1,0,0,0,0,0,0,0,0,0,0,0,0,0,0,0,0,0,0,0,0,0,0,0,0,0,0,0,0,0,0,0,0,0,0,0
With Heart,Sam Girling,24,806,[],30,2020-02-28,2020-03-15,1,0,0,0,0,0,0,0,0,0,0,0,0,0,0,0,0,0,0,0,0,0,0,0,0,0,0,0,0,0,0,0,0,0,0,0,0,0,0,0,0,0,1,0,0,0,0,0,0,0
All I Know,Sascha Braemer,42,55210,"['deep euro house', 'deep melodic euro house', 'minimal techno', 'tech house']",46,2020-02-28,2020-03-15,1,0,0,0,0,0,0,0,0,0,0,0,0,0,1,0,0,0,0,0,0,0,0,0,0,0,0,0,0,0,0,0,0,0,0,0,0,0,0,0,0,0,0,0,0,0,0,0,0,0
Flow,Seb Zito,11,4447,"['minimal tech house', 'tech house', 'uk tech house']",31,2020-03-13,2020-03-15,1,0,0,0,0,0,0,0,0,0,0,0,0,1,0,0,0,0,0,0,0,0,0,0,0,0,0,0,0,0,0,0,0,0,0,0,0,0,0,0,0,0,0,0,0,0,0,0,0,0
Around You,Sebjak,38,12266,"['big room', 'progressive electro house']",44,2020-03-06,2020-03-15,1,0,0,0,0,0,0,0,0,0,0,0,0,0,1,0,0,0,0,0,0,0,0,0,0,0,0,0,0,0,0,0,0,0,0,0,0,0,0,0,0,0,0,0,0,0,0,0,0,0
Triquetra,Senses Of Mind,38,465,['belgian techno'],28,2020-03-02,2020-03-15,1,0,0,0,0,0,0,0,0,0,0,0,0,0,1,0,0,0,0,0,0,0,0,0,0,0,0,0,0,0,0,0,0,0,0,0,0,0,0,0,0,0,0,0,0,0,0,0,0,0
Uber,Sevenn,26,117898,['brazilian edm'],66,2020-03-13,2020-03-15,1,0,0,0,0,0,0,0,0,0,0,0,0,0,0,0,1,0,0,0,0,0,0,0,0,0,0,0,0,0,0,0,0,0,0,0,0,0,0,0,0,0,0,0,0,0,0,0,0,0
Red Style,Sgt.Elias,27,291,[],39,2020-03-06,2020-03-15,1,0,0,0,0,0,0,0,0,0,0,0,0,0,1,0,0,0,0,0,0,0,0,0,0,0,0,0,0,0,0,0,0,0,0,0,0,0,0,0,0,0,0,0,0,0,0,0,0,0
Sounds To Come,Sharif Laffrey,28,653,['detroit house'],20,2020-03-06,2020-03-15,1,0,0,0,0,0,0,0,0,0,0,0,0,0,1,0,0,0,0,0,0,0,0,0,0,0,0,0,0,0,0,0,0,0,0,0,0,0,0,0,0,0,0,0,0,0,0,0,0,0
Brace Yourself,Shiba San,22,81909,"['bass house', 'electro house', 'house']",49,2020-03-13,2020-03-15,1,0,0,0,0,0,0,0,0,0,0,0,0,0,0,0,1,0,0,0,0,0,0,0,0,0,0,0,0,0,0,0,0,0,0,0,0,0,0,0,0,0,0,0,0,0,0,0,0,0
La Cabana,Shiba San,33,81909,"['bass house', 'electro house', 'house']",49,2020-03-13,2020-03-15,1,0,0,0,0,0,0,0,0,0,0,0,0,0,0,0,1,0,0,0,0,0,0,0,0,0,0,0,0,0,0,0,0,0,0,0,0,0,0,0,0,0,0,0,0,0,0,0,0,0
Come Alive,Sick Individuals,52,136356,"['big room', 'deep big room', 'dutch house', 'edm', 'electro house', 'pop edm', 'progressive electro house', 'progressive house', 'tropical house']",61,2020-02-28,2020-03-15,1,0,0,0,0,0,0,0,0,0,0,0,0,0,0,0,0,0,0,0,0,0,0,0,0,0,0,0,0,0,0,0,0,0,0,0,0,0,0,0,0,1,0,0,0,0,0,0,0,0
Tramadollied,Skream,16,86110,"['bass music', 'dubstep']",51,2020-02-28,2020-03-15,1,0,0,0,0,0,0,0,0,0,0,0,0,0,0,0,1,0,0,0,0,0,0,0,0,0,0,0,0,0,0,0,0,0,0,0,0,0,0,0,0,0,0,0,0,0,0,0,0,0
DUNNN,Skream,33,86110,"['bass music', 'dubstep']",51,2020-02-28,2020-03-15,1,0,0,0,0,0,0,0,0,0,0,0,0,0,0,0,1,0,0,0,0,0,0,0,0,0,0,0,0,0,0,0,0,0,0,0,0,0,0,0,0,0,0,0,0,0,0,0,0,0
All Night Long,Slushii,39,568816,"['bass trap', 'brostep', 'edm', 'electro house', 'electronic trap', 'pop edm']",61,2020-03-11,2020-03-15,1,0,0,0,0,0,0,0,0,0,0,0,0,0,0,0,1,0,0,0,0,0,0,0,0,0,0,0,0,0,0,0,0,0,0,0,0,0,0,0,0,0,0,0,0,0,0,0,0,0
Set to Glow - Miyagi Remix,Small Fires,8,827,['hamburg indie'],31,2020-03-09,2020-03-15,1,0,0,0,0,0,0,0,0,0,0,0,0,0,0,0,0,0,0,0,0,0,0,0,0,0,1,0,0,0,0,0,0,0,0,0,0,0,0,0,0,0,0,0,0,0,0,0,0,0
Charmer,Sobek,14,1044,[],28,2020-03-13,2020-03-15,1,0,0,0,0,0,0,0,0,0,0,0,0,0,1,0,0,0,0,0,0,0,0,0,0,0,0,0,0,0,0,0,0,0,0,0,0,0,0,0,0,0,0,0,0,0,0,0,0,0
Kids,Sondr,52,5018,"['deep tropical house', 'pop edm', 'tropical house']",57,2020-03-06,2020-03-15,1,0,0,0,0,0,0,0,0,0,0,0,0,0,0,0,0,0,0,0,0,0,0,0,0,0,0,0,0,0,0,0,0,0,0,0,0,0,0,0,0,0,0,0,1,0,0,0,0,0
Won't Give Up,Sosa UK,40,1750,[],42,2020-03-06,2020-03-15,1,0,0,0,0,0,0,0,0,0,0,0,0,0,0,0,0,0,0,0,0,0,0,0,0,0,0,0,0,0,0,0,0,0,0,0,0,0,0,0,0,0,1,0,0,0,0,0,0,0
Arms Around Me,Starley,37,84492,"['aussietronica', 'tropical house']",63,2020-03-13,2020-03-15,1,0,0,0,0,0,0,0,0,0,0,0,0,0,0,0,0,1,0,0,0,0,0,0,0,0,0,0,0,0,0,0,0,0,0,0,0,0,0,0,0,0,0,0,0,0,0,0,0,0
Kaleidoscope,Steve Lawler,35,29558,"['tech house', 'tribal house']",31,2020-03-06,2020-03-15,1,0,0,0,0,0,0,0,0,0,0,0,0,0,0,0,0,0,0,0,0,0,0,0,0,0,0,0,0,0,0,0,0,0,0,0,0,0,0,0,0,0,1,0,0,0,0,0,0,0
Champa,Tamahau,36,493,[],27,2020-02-25,2020-03-15,1,0,0,0,0,0,0,0,0,0,0,0,0,0,0,0,0,0,0,0,0,0,0,0,1,0,0,0,0,0,0,0,0,0,0,0,0,0,0,0,0,0,0,0,0,0,0,0,0,0
Ghosts (feat. Hana),Tchami,57,285414,"['bass house', 'brostep', 'deep groove house', 'edm', 'electro house', 'electronic trap', 'future house', 'house', 'progressive house']",65,2020-02-25,2020-03-15,1,0,0,0,0,0,0,0,0,0,0,0,0,0,0,0,0,0,0,0,0,0,0,0,0,0,0,0,0,0,0,0,0,1,0,0,0,0,0,0,0,0,0,0,0,0,0,0,0,0
Andromeda - Lost Tapes,Röyksopp,30,574207,"['alternative dance', 'big beat', 'downtempo', 'electronica', 'electropop', 'new rave', 'trip hop']",62,2020-03-05,2020-03-15,1,0,0,0,0,0,0,0,0,0,0,0,0,0,1,0,0,0,0,0,0,0,0,0,0,0,0,0,0,0,0,0,0,0,0,0,0,0,0,0,0,0,0,0,0,0,0,0,0,0
Butterfly Effect,Koven,37,48171,"['bass trap', 'brostep', 'catstep', 'chillstep', 'deep dubstep', 'edm', 'electro house', 'melodic dubstep']",59,2020-03-13,2020-03-15,1,0,0,0,0,0,0,0,0,0,0,0,0,0,0,0,1,0,0,0,0,0,0,0,0,0,0,0,0,0,0,0,0,0,0,0,0,0,0,0,0,0,0,0,0,0,0,0,0,0
Peace Love Happiness [edit],Love Regenerator,36,7844,[],59,2020-03-13,2020-03-15,1,0,0,0,0,0,0,0,0,0,0,0,0,0,0,0,1,0,0,0,0,0,0,0,0,0,0,0,0,0,0,0,0,0,0,0,0,0,0,0,0,0,0,0,0,0,0,0,0,0
One Life,DANK,46,990,[],35,2020-02-27,2020-03-15,1,0,0,0,0,0,0,0,0,0,0,1,0,0,0,0,0,0,0,0,0,0,0,0,0,0,0,0,0,0,0,0,0,0,0,0,0,0,0,0,0,0,0,0,0,0,0,0,0,0
Take Me Higher,Brandon Mints,10,438,[],22,2020-03-13,2020-03-15,1,0,0,0,0,0,0,0,0,0,0,0,0,0,0,0,0,0,0,0,0,0,0,0,0,0,0,0,0,0,0,0,0,0,0,0,0,0,0,0,0,0,0,0,0,0,0,0,0,1
Parallels,Butch,29,28961,"['acid techno', 'deep disco house', 'deep melodic euro house', 'frankfurt electronic', 'german techno', 'microhouse', 'minimal tech house', 'minimal techno', 'tech house']",44,2020-03-06,2020-03-15,1,0,0,0,0,0,0,0,0,0,0,0,0,0,1,0,0,0,0,0,0,0,0,0,0,0,0,0,0,0,0,0,0,0,0,0,0,0,0,0,0,0,0,0,0,0,0,0,0,0
Take It All,Cabu,33,23941,[],53,2020-03-13,2020-03-15,1,0,0,0,0,0,0,0,0,0,0,0,0,0,0,0,0,0,0,0,0,0,0,0,1,0,0,0,0,0,0,0,0,0,0,0,0,0,0,0,0,0,0,0,0,0,0,0,0,0
Never Come Back,Caribou,58,447852,"['alternative dance', 'art pop', 'chillwave', 'dream pop', 'electronica', 'electropop', 'folktronica', 'indie rock', 'indie soul', 'indietronica', 'intelligent dance music', 'new rave']",70,2020-02-28,2020-03-15,1,0,0,0,0,0,0,0,0,0,0,0,0,0,0,0,0,0,0,0,0,0,0,0,0,0,0,0,1,0,0,0,0,0,0,0,0,0,0,0,0,0,0,0,0,0,0,0,0,0
Tron - Original Mix,Carlo Ruetz,17,3434,['deep euro house'],35,2020-03-09,2020-03-15,1,0,0,0,0,0,0,0,0,0,0,0,0,0,1,0,0,0,0,0,0,0,0,0,0,0,0,0,0,0,0,0,0,0,0,0,0,0,0,0,0,0,0,0,0,0,0,0,0,0
Everytime We Touch - Norda & Master Blaster Remix,Cascada,24,336825,"['bubblegum dance', 'dance pop', 'eurodance', 'europop', 'german techno', 'melbourne bounce international', 'pop rap']",68,2020-03-13,2020-03-15,1,0,0,0,0,0,0,0,0,0,0,0,0,0,0,0,1,0,0,0,0,0,0,0,0,0,0,0,0,0,0,0,0,0,0,0,0,0,0,0,0,0,0,0,0,0,0,0,0,0
Get It,Cesqeaux,46,55724,"['bass trap', 'brostep', 'deep big room', 'electro house', 'electronic trap']",51,2020-02-28,2020-03-15,1,0,0,0,1,0,0,0,0,0,0,0,0,0,0,0,0,0,0,0,0,0,0,0,0,0,0,0,0,0,0,0,0,0,0,0,0,0,0,0,0,0,0,0,0,0,0,0,0,0
What U Need,Chaney,46,469,[],37,2020-02-28,2020-03-15,1,0,0,0,0,0,0,0,0,0,0,0,0,0,0,0,0,0,0,0,0,0,0,0,0,0,0,0,0,0,0,0,0,0,0,0,0,0,0,0,0,0,1,0,0,0,0,0,0,0
Step Back,Charmes,28,18821,"['dutch house', 'electro house']",45,2020-03-12,2020-03-15,1,0,0,0,0,0,0,0,0,0,0,0,0,0,0,0,1,0,0,0,0,0,0,0,0,0,0,0,0,0,0,0,0,0,0,0,0,0,0,0,0,0,0,0,0,0,0,0,0,0
200 Years,Chloe Wilson,33,110,[],27,2020-03-13,2020-03-15,1,0,0,0,0,0,0,0,0,0,0,0,0,0,0,0,0,1,0,0,0,0,0,0,0,0,0,0,0,0,0,0,0,0,0,0,0,0,0,0,0,0,0,0,0,0,0,0,0,0
I'm On Fire,ConKi,52,527,[],46,2020-02-28,2020-03-15,1,0,0,0,0,0,0,0,0,0,0,0,0,0,0,0,0,0,0,0,0,0,0,0,1,0,0,0,0,0,0,0,0,0,0,0,0,0,0,0,0,0,0,0,0,0,0,0,0,0
Fighters,Conro,48,29557,"['canadian electronic', 'catstep', 'complextro', 'deep dubstep', 'edm', 'electro house', 'pop edm']",54,2020-02-28,2020-03-15,1,0,0,0,0,0,0,0,0,0,0,0,0,0,0,0,0,0,0,0,0,0,0,0,0,0,0,0,0,0,0,0,0,0,0,0,0,0,0,0,0,0,0,0,0,0,0,0,0,1
Higher (feat. Ann Christine),Cymo,20,528,[],37,2020-03-13,2020-03-15,1,0,0,0,0,0,0,0,0,0,0,0,0,0,0,0,0,0,0,0,1,0,0,0,0,0,0,0,0,0,0,0,0,0,0,0,0,0,0,0,0,0,0,0,0,0,0,0,0,0
Access - i_o Remix,DJ Misjah,25,1815,['hardcore techno'],29,2020-03-13,2020-03-15,1,0,0,0,0,0,0,0,0,0,0,0,0,0,0,0,1,0,0,0,0,0,0,0,0,0,0,0,0,0,0,0,0,0,0,0,0,0,0,0,0,0,0,0,0,0,0,0,0,0
Cold Feet,Loud Luxury,48,273797,"['dance pop', 'edm', 'electro house', 'house', 'pop', 'tropical house']",75,2020-02-28,2020-03-15,1,0,0,0,0,0,0,0,0,0,0,0,0,0,0,0,0,0,0,0,0,0,0,0,0,0,0,0,0,0,0,0,0,0,0,1,0,0,0,0,0,0,0,0,0,0,0,0,0,0
Gimmie Love - Norenoise Remix,Dan McKie,26,2192,[],36,2020-03-02,2020-03-15,1,0,0,0,0,0,0,0,0,0,0,0,0,0,0,0,0,0,1,0,0,0,0,0,0,0,0,0,0,0,0,0,0,0,0,0,0,0,0,0,0,0,0,0,0,0,0,0,0,0
The Deep End,Dan Shake,32,7479,['float house'],34,2020-03-04,2020-03-15,1,0,0,0,0,0,0,0,0,0,0,0,0,0,0,0,0,0,0,0,0,0,0,0,0,0,0,0,0,0,0,0,0,0,0,0,0,0,0,0,0,0,1,0,0,0,0,0,0,0
Ain't Got No,David Penn,32,12068,"['deep house', 'disco house', 'funky tech house', 'house', 'tribal house', 'vocal house']",51,2020-03-06,2020-03-15,1,0,0,0,0,0,0,0,0,0,0,0,0,0,0,0,0,0,0,0,0,0,1,0,0,0,0,0,0,0,0,0,0,0,0,0,0,0,0,0,0,0,0,0,0,0,0,0,0,0
Superstar,David Puentez,51,35905,['progressive electro house'],50,2020-03-05,2020-03-15,1,0,0,0,0,0,0,0,0,0,0,0,0,0,0,0,0,0,0,0,1,0,0,0,0,0,0,0,0,0,0,0,0,0,0,0,0,0,0,0,0,0,0,0,0,0,0,0,0,0
Shameless Progression,Demi Riquísimo,27,818,[],30,2020-02-28,2020-03-15,1,0,0,0,0,0,0,0,0,0,0,0,0,0,0,0,0,0,1,0,0,0,0,0,0,0,0,0,0,0,0,0,0,0,0,0,0,0,0,0,0,0,0,0,0,0,0,0,0,0
Patenta,Denis Horvat,33,15146,"['danish techno', 'deep melodic euro house', 'deep techno', 'tech house']",42,2020-02-28,2020-03-15,1,0,0,0,0,0,0,0,0,0,0,0,0,0,0,0,0,0,0,0,0,0,0,0,0,0,1,0,0,0,0,0,0,0,0,0,0,0,0,0,0,0,0,0,0,0,0,0,0,0
To Burn (feat. Leo Wood),Dennis Cruz,40,41712,"['house', 'latin tech house', 'tech house']",51,2020-02-28,2020-03-15,1,0,0,0,0,0,0,0,0,0,0,0,0,1,0,0,0,0,0,0,0,0,0,0,0,0,0,0,0,0,0,0,0,0,0,0,0,0,0,0,0,0,0,0,0,0,0,0,0,0
Red Falcon,Deorbiting,38,337,[],26,2020-02-28,2020-03-15,1,0,0,0,0,0,0,0,0,0,0,0,0,0,1,0,0,0,0,0,0,0,0,0,0,0,0,0,0,0,0,0,0,0,0,0,0,0,0,0,0,0,0,0,0,0,0,0,0,0
Hold On,Devault,38,23640,['vapor twitch'],58,2020-03-13,2020-03-15,1,0,0,0,0,0,0,0,0,0,0,0,0,0,0,0,1,0,0,0,0,0,0,0,0,0,0,0,0,0,0,0,0,0,0,0,0,0,0,0,0,0,0,0,0,0,0,0,0,0
More Than Once,Different Heaven,31,153248,['deep dubstep'],57,2020-03-13,2020-03-15,1,0,0,0,0,0,0,0,0,0,0,0,0,0,0,0,0,0,0,0,0,0,0,0,0,0,0,0,0,0,0,0,0,0,0,0,0,0,0,0,0,0,0,0,0,0,0,0,0,1
Ecstasy,Disclosure,33,1717523,"['house', 'pop', 'tropical house', 'uk dance']",81,2020-02-27,2020-03-15,1,0,0,0,0,0,0,0,0,0,1,0,0,0,0,0,0,0,0,0,0,0,0,0,0,0,0,0,0,0,0,0,0,0,0,0,0,0,0,0,0,0,0,0,0,0,0,0,0,0
Tondo,Disclosure,48,1717523,"['house', 'pop', 'tropical house', 'uk dance']",81,2020-02-27,2020-03-15,1,0,0,0,0,0,0,0,0,0,1,0,0,0,0,0,0,0,0,0,0,0,0,0,0,0,0,0,0,0,0,0,0,0,0,0,0,0,0,0,0,0,0,0,0,0,0,0,0,0
Ecstasy,Disclosure,57,1717523,"['house', 'pop', 'tropical house', 'uk dance']",81,2020-02-25,2020-03-15,1,0,0,0,0,0,0,0,0,0,0,0,0,0,0,0,0,0,1,0,0,0,0,0,0,0,0,0,0,0,0,0,0,0,0,0,0,0,0,0,0,0,0,0,0,0,0,0,0,0
Gamma Jack,Botnek,26,24554,"['bass house', 'brostep', 'canadian electronic', 'deep big room', 'electro house']",44,2020-03-13,2020-03-15,1,0,0,0,0,0,0,0,0,0,0,0,0,0,0,0,1,0,0,0,0,0,0,0,0,0,0,0,0,0,0,0,0,0,0,0,0,0,0,0,0,0,0,0,0,0,0,0,0,0
Night & Day,Borgeous,52,512113,"['big room', 'deep big room', 'edm', 'electro house', 'pop edm', 'progressive electro house', 'progressive house', 'tropical house']",62,2020-02-28,2020-03-15,1,0,0,0,0,0,0,0,0,0,0,1,0,0,0,0,0,0,0,0,0,0,0,0,0,0,0,0,0,0,0,0,0,0,0,0,0,0,0,0,0,0,0,0,0,0,0,0,0,0
Acid Brain,Booka Shade,47,146604,"['alternative dance', 'electronica', 'frankfurt electronic', 'german techno', 'microhouse', 'minimal techno', 'tech house']",54,2020-03-06,2020-03-15,1,0,0,0,0,0,0,0,0,0,0,0,0,0,1,0,0,0,0,0,0,0,0,0,0,0,0,0,0,0,0,0,0,0,0,0,0,0,0,0,0,0,0,0,0,0,0,0,0,0
Fragile Violence,Blanke,34,14130,['melodic dubstep'],56,2020-03-11,2020-03-15,1,0,0,0,0,0,0,0,0,0,0,0,0,0,0,0,1,0,0,0,0,0,0,0,0,0,0,0,0,0,0,0,0,0,0,0,0,0,0,0,0,0,0,0,0,0,0,0,0,0
Outburst,ARTY,40,138552,"['big room', 'edm', 'electro house', 'pop edm', 'progressive electro house', 'progressive house', 'progressive trance', 'trance', 'tropical house', 'uplifting trance']",64,2020-03-13,2020-03-15,1,0,0,0,0,0,0,0,0,0,0,0,0,0,0,0,1,0,0,0,0,0,0,0,0,0,0,0,0,0,0,0,0,0,0,0,0,0,0,0,0,0,0,0,0,0,0,0,0,0
Carry On - Unterberg Remix,Above & Beyond,25,571280,"['edm', 'progressive house', 'progressive trance', 'trance', 'uplifting trance']",69,2020-03-12,2020-03-15,1,0,0,0,0,0,0,0,0,0,0,0,0,0,0,0,1,0,0,0,0,0,0,0,0,0,0,0,0,0,0,0,0,0,0,0,0,0,0,0,0,0,0,0,0,0,0,0,0,0
1234 (feat. MC Ambush),Afrojack,48,3325463,"['big room', 'dance pop', 'deep big room', 'dutch house', 'edm', 'electro house', 'pop', 'pop rap', 'progressive electro house', 'progressive house', 'tropical house']",75,2020-03-13,2020-03-15,1,0,0,0,0,0,0,0,0,0,0,0,0,0,0,0,1,0,0,0,0,0,0,0,0,0,0,0,0,0,0,0,0,0,0,0,0,0,0,0,0,0,0,0,0,0,0,0,0,0
"Alone, Pt. II - RetroVision Remix",Alan Walker,50,19208923,['electro house'],86,2020-02-28,2020-03-15,1,0,0,0,0,0,0,0,0,0,0,1,0,0,0,0,0,0,0,0,0,0,0,0,0,0,0,0,0,0,0,0,0,0,0,0,0,0,0,0,0,0,0,0,0,0,0,0,0,0
Brother,Alex Virgo,38,1260,['uk house'],33,2020-02-28,2020-03-15,1,0,0,0,0,0,0,0,0,0,0,0,0,0,0,0,0,0,0,0,0,0,0,0,0,0,0,0,0,0,0,0,0,0,0,0,0,0,0,0,0,0,1,0,0,0,0,0,0,0
Ever Gone,Alignment,47,3048,"['acid techno', 'hard techno', 'minimal dub']",39,2020-02-28,2020-03-15,1,0,0,0,0,0,0,0,0,0,0,0,0,0,0,0,0,0,0,0,0,0,0,0,0,0,0,0,0,0,0,0,0,0,0,0,0,0,0,0,1,0,0,0,0,0,0,0,0,0
So Afraid (feat. Alex Metric),Amtrac,44,51509,"['chillwave', 'deep house', 'edm', 'house', 'indie soul', 'indietronica', 'new french touch', 'nu disco', 'progressive house', 'tropical house', 'vapor soul']",57,2020-03-06,2020-03-15,1,0,0,0,0,0,0,0,0,0,0,0,0,0,0,0,0,0,0,0,0,0,0,0,0,0,0,0,0,0,0,0,0,0,0,0,0,0,0,0,0,0,0,0,1,0,0,0,0,0
Future State,Anja Schneider,40,47482,"['electra', 'german house', 'german techno', 'microhouse', 'minimal tech house', 'minimal techno', 'tech house']",43,2020-02-28,2020-03-15,1,0,0,0,0,0,0,0,0,0,0,0,0,0,1,0,0,0,0,0,0,0,0,0,0,0,0,0,0,0,0,0,0,0,0,0,0,0,0,0,0,0,0,0,0,0,0,0,0,0
State of Mind,Ann Clue,43,21763,['minimal techno'],45,2020-03-06,2020-03-15,1,0,0,0,0,0,0,0,0,0,0,0,0,0,1,0,0,0,0,0,0,0,0,0,0,0,0,0,0,0,0,0,0,0,0,0,0,0,0,0,0,0,0,0,0,0,0,0,0,0
So Much Joy - Alaia & Gallo Remix,Ann Nesby,33,4526,[],33,2020-03-06,2020-03-15,1,0,0,0,0,0,0,0,0,0,0,0,0,0,0,0,0,0,0,0,0,0,0,0,0,0,0,0,0,0,0,0,0,0,0,0,0,0,0,0,0,0,1,0,0,0,0,0,0,0
Better Mind - Original Mix,Ante Perry,23,6452,['german tech house'],32,2020-03-13,2020-03-15,1,0,0,0,0,0,0,0,0,0,0,0,0,0,1,0,0,0,0,0,0,0,0,0,0,0,0,0,0,0,0,0,0,0,0,0,0,0,0,0,0,0,0,0,0,0,0,0,0,0
Over You - Majestic Edit,Anton Powers,12,18610,"['deep groove house', 'disco house', 'house', 'tropical house', 'uk dance']",59,2020-03-13,2020-03-15,1,0,0,0,0,0,0,0,0,0,0,0,0,0,0,0,1,0,0,0,0,0,0,0,0,0,0,0,0,0,0,0,0,0,0,0,0,0,0,0,0,0,0,0,0,0,0,0,0,0
Give Me Your Loving (feat. Lorne),Armand Van Helden,50,143772,"['deep groove house', 'deep house', 'disco house', 'edm', 'house', 'speed garage', 'tech house', 'vocal house']",63,2020-03-05,2020-03-15,1,0,0,0,0,0,0,0,0,0,0,0,0,0,0,0,0,0,0,0,0,0,1,0,0,0,0,0,0,0,0,0,0,0,0,0,0,0,0,0,0,0,0,0,0,0,0,0,0,0
Mr. Navigator - Steve Aoki's 'I Am The Captain Now' Remix,Armin van Buuren,50,3362746,"['edm', 'progressive house', 'trance']",78,2020-03-11,2020-03-15,1,0,0,0,0,0,0,0,0,0,0,0,0,0,0,0,1,0,0,0,0,0,0,0,0,0,0,0,0,0,0,0,0,0,0,0,0,0,0,0,0,0,0,0,0,0,0,0,0,0
Still Alive,Ashley Wallbridge,33,24909,"['progressive house', 'progressive trance', 'trance', 'uplifting trance']",54,2020-03-06,2020-03-15,1,0,0,0,0,0,0,0,0,0,0,0,0,0,0,0,1,0,0,0,0,0,0,0,0,0,0,0,0,0,0,0,0,0,0,0,0,0,0,0,0,0,0,0,0,0,0,0,0,0
Evening With A Borrowed 106,Aspetuck,11,107,[],35,2020-03-06,2020-03-15,1,0,0,0,0,0,0,0,0,0,0,0,0,0,0,0,1,0,0,0,0,0,0,0,0,0,0,0,0,0,0,0,0,0,0,0,0,0,0,0,0,0,0,0,0,0,0,0,0,0
Kings & Queens,Ava Max,63,1263954,"['dance pop', 'pop', 'post-teen pop', 'tropical house']",84,2020-03-12,2020-03-15,1,0,0,0,0,0,0,0,0,0,0,0,0,0,0,0,0,0,0,0,0,0,0,0,0,0,0,0,0,0,0,0,0,0,0,0,1,0,0,0,0,0,0,0,0,0,0,0,0,0
Howl,BAYKER,41,101,[],29,2020-02-28,2020-03-15,1,0,0,0,0,0,0,0,0,0,0,0,0,0,1,0,0,0,0,0,0,0,0,0,0,0,0,0,0,0,0,0,0,0,0,0,0,0,0,0,0,0,0,0,0,0,0,0,0,0
Detox,BROHUG,29,43488,"['bass house', 'big room', 'brostep', 'deep big room', 'edm', 'electro house', 'electronic trap', 'house', 'progressive house']",56,2020-03-13,2020-03-15,1,0,0,0,0,0,0,0,0,0,0,0,0,0,0,0,1,0,0,0,0,0,0,0,0,0,0,0,0,0,0,0,0,0,0,0,0,0,0,0,0,0,0,0,0,0,0,0,0,0
Natural Satellite,Belocca,22,4874,"['dark techno', 'funky tech house', 'tech house']",42,2020-03-13,2020-03-15,1,0,0,0,0,0,0,0,0,0,0,0,0,0,1,0,0,0,0,0,0,0,0,0,0,0,0,0,0,0,0,0,0,0,0,0,0,0,0,0,0,0,0,0,0,0,0,0,0,0
In Memoriam - Tim Green Radio Edit,Ben Böhmer,34,61344,"['progressive house', 'tropical house']",60,2020-03-10,2020-03-15,1,0,0,0,0,0,0,0,0,0,0,0,0,0,1,0,0,0,0,0,0,0,0,0,0,0,0,0,0,0,0,0,0,0,0,0,0,0,0,0,0,0,0,0,0,0,0,0,0,0
Medela,Ben Lukas Boysen,28,16718,"['abstract idm', 'ambient', 'compositional ambient', 'drift', 'drone', 'focus', 'neo-classical']",49,2020-03-10,2020-03-15,1,0,0,0,0,0,0,0,0,0,0,0,0,0,1,0,0,0,0,0,0,0,0,0,0,0,0,0,0,0,0,0,0,0,0,0,0,0,0,0,0,0,0,0,0,0,0,0,0,0
Rolling On,Bexxie,32,31,[],20,2020-02-28,2020-03-15,1,0,0,0,0,0,0,0,0,0,0,0,0,0,0,0,0,0,0,0,0,0,0,0,0,0,0,0,0,0,0,0,0,0,0,0,0,0,0,0,0,0,1,0,0,0,0,0,0,0
Free Your Mind,Big Gigantic,53,197603,"['edm', 'electronic trap', 'electropop', 'indietronica']",64,2020-02-28,2020-03-15,1,0,0,0,0,0,0,0,0,0,0,0,0,0,0,0,0,0,0,0,0,0,0,0,0,0,0,0,0,0,0,0,0,0,0,0,0,0,0,0,0,0,0,0,0,0,0,0,0,1
What A Man Gotta Do,Big Z,38,6873,['pop edm'],47,2020-03-13,2020-03-15,1,0,0,0,0,0,0,0,0,0,0,0,0,0,0,0,1,0,0,0,0,0,0,0,0,0,0,0,0,0,0,0,0,0,0,0,0,0,0,0,0,0,0,0,0,0,0,0,0,0
Mad Kenny,Black Traffic,17,137,[],36,2020-03-02,2020-03-15,1,0,0,0,0,0,0,0,0,0,0,0,0,0,0,0,1,0,0,0,0,0,0,0,0,0,0,0,0,0,0,0,0,0,0,0,0,0,0,0,0,0,0,0,0,0,0,0,0,0
Submariner Gamma,Blackbelt Andersen,25,1342,"['balearic', 'norwegian space disco']",25,2020-03-06,2020-03-15,1,0,0,0,0,0,0,0,0,0,0,0,0,0,1,0,0,0,0,0,0,0,0,0,0,0,0,0,0,0,0,0,0,0,0,0,0,0,0,0,0,0,0,0,0,0,0,0,0,0
Nothing To Lose,Disco Killerz,31,3156,['sky room'],49,2020-03-13,2020-03-15,1,0,0,0,0,0,0,0,0,0,0,0,0,0,0,0,1,0,0,0,0,0,0,0,0,0,0,0,0,0,0,0,0,0,0,0,0,0,0,0,0,0,0,0,0,0,0,0,0,0
Get Ready,Dok & Martin,22,745,['spanish techno'],27,2020-03-13,2020-03-15,1,0,0,0,0,0,0,0,0,0,0,0,0,0,1,0,0,0,0,0,0,0,0,0,0,0,0,0,0,0,0,0,0,0,0,0,0,0,0,0,0,0,0,0,0,0,0,0,0,0
Apteka,Dole & Kom,25,14383,"['deep euro house', 'deep melodic euro house', 'ethnotronica', 'tech house']",42,2020-03-13,2020-03-15,1,0,0,0,0,0,0,0,0,0,0,0,0,0,1,0,0,0,0,0,0,0,0,0,0,0,0,0,0,0,0,0,0,0,0,0,0,0,0,0,0,0,0,0,0,0,0,0,0,0
Better,HUGEL,55,32395,['deep house'],65,2020-02-28,2020-03-15,1,0,0,0,0,0,0,0,0,0,0,0,0,0,0,0,0,0,0,0,0,0,0,0,0,0,0,0,0,0,0,0,0,0,0,0,0,0,0,0,0,0,0,0,0,0,0,0,0,1
Rain Dance - CAIN Remix,Herman,32,20,[],19,2020-02-28,2020-03-15,1,0,0,0,0,0,0,0,0,0,0,0,0,0,0,0,0,0,0,0,0,0,0,0,0,0,0,0,0,0,0,0,0,0,1,0,0,0,0,0,0,0,0,0,0,0,0,0,0,0
Unfold (feat. Tim Digby-Bell),Icarus,31,30552,"['deep house', 'house', 'progressive house']",56,2020-03-13,2020-03-15,1,0,0,0,0,0,0,0,0,0,0,0,0,0,1,0,0,0,0,0,0,0,0,0,0,0,0,0,0,0,0,0,0,0,0,0,0,0,0,0,0,0,0,0,0,0,0,0,0,0
Motivation - Gabriel Moraes Remix,Inner Rebels,20,254,['groove room'],20,2020-03-13,2020-03-15,1,0,0,0,0,0,0,0,0,0,0,0,0,0,1,0,0,0,0,0,0,0,0,0,0,0,0,0,0,0,0,0,0,0,0,0,0,0,0,0,0,0,0,0,0,0,0,0,0,0
Everything - STANDERWICK Remix,JES,22,30665,['vocal trance'],49,2020-03-13,2020-03-15,1,0,0,0,0,0,0,0,0,0,0,0,0,0,0,0,1,0,0,0,0,0,0,0,0,0,0,0,0,0,0,0,0,0,0,0,0,0,0,0,0,0,0,0,0,0,0,0,0,0
Need Me,Jaded,42,11839,['uk dance'],50,2020-03-06,2020-03-15,1,0,0,0,0,0,0,0,0,0,0,0,0,0,0,0,0,0,0,0,0,0,0,0,0,0,0,0,0,0,0,0,0,0,0,0,0,0,0,0,0,0,1,0,0,0,0,0,0,0
Less Ordinary,Jansons,20,1935,['uk tech house'],35,2020-03-13,2020-03-15,1,0,0,0,0,0,0,0,0,0,0,0,0,0,0,0,0,0,0,0,0,0,0,0,0,0,0,0,0,0,0,0,0,0,0,0,0,0,0,0,0,0,1,0,0,0,0,0,0,0
UP,Jerome Blazé,20,156,[],14,2020-02-28,2020-03-15,1,0,0,0,0,0,0,0,0,0,0,0,0,0,0,0,0,0,0,0,0,0,0,0,1,0,0,0,0,0,0,0,0,0,0,0,0,0,0,0,0,0,0,0,0,0,0,0,0,0
Spotlight - Single Edit,Jessie Ware,62,488112,"['british soul', 'dance pop', 'electropop', 'indie r&b', 'neo soul']",64,2020-02-28,2020-03-15,1,0,0,0,0,0,0,0,0,0,0,0,0,0,0,0,0,0,0,0,0,0,0,0,0,0,0,0,1,0,0,0,0,0,0,0,0,0,0,0,0,0,0,0,0,0,0,0,0,0
Nightwhisper,Jody Wisternoff,39,29597,"['progressive house', 'progressive trance', 'progressive trance house', 'uplifting trance']",53,2020-02-25,2020-03-15,1,0,0,0,0,0,0,1,0,0,0,0,0,0,0,0,0,0,0,0,0,0,0,0,0,0,0,0,0,0,0,0,0,0,0,0,0,0,0,0,0,0,0,0,0,0,0,0,0,0
Mistakes - Club Mix,Jonas Blue,45,2648260,"['dance pop', 'edm', 'pop', 'tropical house', 'uk dance']",82,2020-03-13,2020-03-15,1,0,0,0,0,0,0,0,0,0,0,0,0,0,0,0,1,0,0,0,0,0,0,0,0,0,0,0,0,0,0,0,0,0,0,0,0,0,0,0,0,0,0,0,0,0,0,0,0,0
Borderline,Jordan Rakei,42,185407,"['alternative r&b', 'funk', 'indie jazz', 'indie r&b', 'indie soul', 'neo r&b', 'neo soul', 'soul']",65,2020-03-13,2020-03-15,1,0,0,0,0,0,0,0,0,0,0,0,0,0,0,0,0,0,0,0,0,0,0,0,1,0,0,0,0,0,0,0,0,0,0,0,0,0,0,0,0,0,0,0,0,0,0,0,0,0
Love You Better - Guy Arthur Remix,Julian Jordan,28,117783,"['big room', 'deep big room', 'dutch edm', 'edm', 'electro house', 'pop edm', 'progressive electro house', 'progressive house', 'sky room']",57,2020-03-12,2020-03-15,1,0,0,0,0,0,0,0,0,0,0,0,0,0,0,0,1,0,0,0,0,0,0,0,0,0,0,0,0,0,0,0,0,0,0,0,0,0,0,0,0,0,0,0,0,0,0,0,0,0
Africa,KLANGPLANET,28,370,[],27,2020-03-02,2020-03-15,1,0,0,0,0,0,0,0,0,0,0,0,0,0,1,0,0,0,0,0,0,0,0,0,0,0,0,0,0,0,0,0,0,0,0,0,0,0,0,0,0,0,0,0,0,0,0,0,0,0
Love Like That - BYNON Remix,Kaskade,34,761183,"['big room', 'chicago house', 'dance pop', 'disco house', 'edm', 'electro house', 'electropop', 'pop', 'pop edm', 'progressive house', 'tropical house', 'vocal house']",71,2020-03-13,2020-03-15,1,0,0,0,0,0,0,0,0,0,0,0,0,0,0,0,1,0,0,0,0,0,0,0,0,0,0,0,0,0,0,0,0,0,0,0,0,0,0,0,0,0,0,0,0,0,0,0,0,0
Love Like That,Kaskade,58,761183,"['big room', 'chicago house', 'dance pop', 'disco house', 'edm', 'electro house', 'electropop', 'pop', 'pop edm', 'progressive house', 'tropical house', 'vocal house']",71,2020-03-06,2020-03-15,1,0,0,0,0,0,0,0,0,0,0,1,0,0,0,0,0,0,0,0,0,0,0,0,0,0,0,0,0,0,0,0,0,0,0,0,0,0,0,0,0,0,0,0,0,0,0,0,0,0
Suffocate,Kayzo,56,120788,"['brostep', 'edm', 'electro house', 'electronic trap']",62,2020-02-26,2020-03-15,1,0,0,1,0,0,0,0,0,0,0,0,0,0,0,0,0,0,0,0,0,0,0,0,0,0,0,0,0,0,0,0,0,0,0,0,0,0,0,0,0,0,0,0,0,0,0,0,0,0
Bug,Kink,37,42145,"['bulgarian electronic', 'deep disco house', 'deep house', 'disco house', 'float house', 'microhouse', 'minimal tech house', 'tech house']",47,2020-02-28,2020-03-15,1,0,0,0,0,0,0,0,0,0,0,0,0,1,0,0,0,0,0,0,0,0,0,0,0,0,0,0,0,0,0,0,0,0,0,0,0,0,0,0,0,0,0,0,0,0,0,0,0,0
Indestructible,Klaas,42,56097,"['edm', 'german dance', 'pop house', 'tropical house']",69,2020-03-13,2020-03-15,1,0,0,0,0,0,0,0,0,0,0,0,0,0,0,0,1,0,0,0,0,0,0,0,0,0,0,0,0,0,0,0,0,0,0,0,0,0,0,0,0,0,0,0,0,0,0,0,0,0
Paripe,AFFKT,31,4789,"['deep melodic euro house', 'minimal tech house', 'tech house']",29,2020-03-06,2020-03-15,1,0,0,0,0,0,0,0,0,0,0,0,0,0,1,0,0,0,0,0,0,0,0,0,0,0,0,0,0,0,0,0,0,0,0,0,0,0,0,0,0,0,0,0,0,0,0,0,0,0
Good On You - MOTi Remix,Krewella,44,798485,"['big room', 'brostep', 'catstep', 'dance pop', 'edm', 'electra', 'electro house']",66,2020-03-13,2020-03-15,1,0,0,0,0,0,0,0,0,0,0,0,0,0,0,0,1,0,0,0,0,0,0,0,0,0,0,0,0,0,0,0,0,0,0,0,0,0,0,0,0,0,0,0,0,0,0,0,0,0
Trippin,Lady Bee,43,13388,"['bass trap', 'moombahton']",50,2020-03-06,2020-03-15,1,0,0,0,0,0,0,0,0,0,0,1,0,0,0,0,0,0,0,0,0,0,0,0,0,0,0,0,0,0,0,0,0,0,0,0,0,0,0,0,0,0,0,0,0,0,0,0,0,0
Take My Hand,Lastlings,35,18597,['vapor soul'],51,2020-03-12,2020-03-15,1,0,0,0,0,0,0,0,0,0,0,0,0,0,0,0,1,0,0,0,0,0,0,0,0,0,0,0,0,0,0,0,0,0,0,0,0,0,0,0,0,0,0,0,0,0,0,0,0,0
Ready And Willing,Latmun,17,19633,"['house', 'tech house', 'uk tech house']",39,2020-03-13,2020-03-15,1,0,0,0,0,0,0,0,0,0,0,0,0,0,0,0,1,0,0,0,0,0,0,0,0,0,0,0,0,0,0,0,0,0,0,0,0,0,0,0,0,0,0,0,0,0,0,0,0,0
Dope,Leandro Da Silva,46,23231,['electro house'],52,2020-02-28,2020-03-15,1,0,0,0,0,0,0,0,0,0,0,1,0,0,0,0,0,0,0,0,0,0,0,0,0,0,0,0,0,0,0,0,0,0,0,0,0,0,0,0,0,0,0,0,0,0,0,0,0,0
Live Off My Closet (feat. Future),Lil Baby,79,3663987,"['atl hip hop', 'atl trap', 'rap', 'trap']",92,2020-02-28,2020-03-15,1,0,0,0,0,1,0,0,0,0,0,0,0,0,0,0,0,0,0,0,0,0,0,0,0,0,0,0,0,0,0,0,0,0,0,0,0,0,0,0,0,0,0,0,0,0,0,0,0,0
Gummy,Loud Luxury,39,273797,"['dance pop', 'edm', 'electro house', 'house', 'pop', 'tropical house']",75,2020-03-13,2020-03-15,1,0,0,0,0,0,1,0,0,0,0,0,0,0,0,0,0,0,0,0,0,0,0,0,0,0,0,0,0,0,0,0,0,0,0,0,0,0,0,0,0,0,0,0,0,0,0,0,0,0
Nights Like This,Loud Luxury,41,273797,"['dance pop', 'edm', 'electro house', 'house', 'pop', 'tropical house']",75,2020-02-28,2020-03-15,1,0,0,0,0,0,0,0,0,0,0,0,0,0,0,0,0,0,0,0,1,0,0,0,0,0,0,0,0,0,0,0,0,0,0,0,0,0,0,0,0,0,0,0,0,0,0,0,0,0
Joyfulness - Elkka Remix,Hector Plimmer,26,5510,"['indie jazz', 'uk contemporary jazz']",34,2020-03-06,2020-03-15,1,0,0,0,0,0,0,0,0,0,0,0,0,0,0,0,0,0,0,0,0,0,0,0,0,0,0,0,0,0,0,0,0,0,0,0,0,0,0,0,0,0,1,0,0,0,0,0,0,0
Fuck This Place Up (feat. Famous Dex),HAYES,56,5159,[],50,2020-03-06,2020-03-15,1,0,0,0,0,0,0,0,0,0,0,0,0,0,0,0,0,0,0,0,0,0,0,0,0,0,0,0,0,0,0,0,0,0,0,0,1,0,0,0,0,0,0,0,0,0,0,0,0,0
Annihilation,Dropgun,33,60430,"['big room', 'deep big room', 'edm', 'electro house', 'pop edm', 'progressive electro house', 'progressive house']",59,2020-03-13,2020-03-15,1,0,0,0,0,0,0,0,0,0,0,0,0,0,0,0,1,0,0,0,0,0,0,0,0,0,0,0,0,0,0,0,0,0,0,0,0,0,0,0,0,0,0,0,0,0,0,0,0,0
Revival - R3HAB Remix,Gregory Porter,61,367411,"['contemporary vocal jazz', 'neo soul', 'soul', 'vocal jazz']",65,2020-02-28,2020-03-15,1,0,0,0,0,0,0,0,0,0,0,0,0,0,0,0,0,0,0,0,0,0,0,0,0,0,0,0,0,0,0,0,0,0,0,0,0,0,0,0,0,1,0,0,0,0,0,0,0,0
Get to Steppin,Duck Sauce,49,80901,"['disco house', 'electro house']",56,2020-02-28,2020-03-15,1,0,0,0,0,0,0,0,0,0,0,0,0,0,0,0,0,0,0,1,0,0,0,0,0,0,0,0,0,0,0,0,0,0,0,0,0,0,0,0,0,0,0,0,0,0,0,0,0,0
Lynchesque - Robert Babicz Remix,Dusty Kid,37,46178,"['minimal techno', 'tech house']",49,2020-03-06,2020-03-15,1,0,0,0,0,0,0,0,0,0,0,0,0,0,1,0,0,0,0,0,0,0,0,0,0,0,0,0,0,0,0,0,0,0,0,0,0,0,0,0,0,0,0,0,0,0,0,0,0,0
Never Stop,Dustycloud,39,28456,"['bass house', 'electro house']",44,2020-03-06,2020-03-15,1,0,0,0,0,0,0,0,1,0,0,0,0,0,0,0,0,0,0,0,0,0,0,0,0,0,0,0,0,0,0,0,0,0,0,0,0,0,0,0,0,0,0,0,0,0,0,0,0,0
Stereo Love - Dark Rehab Remix,Edward Maya,18,141511,"['dance pop', 'romanian pop']",61,2020-03-13,2020-03-15,1,0,0,0,0,0,0,0,0,0,0,0,0,0,0,0,1,0,0,0,0,0,0,0,0,0,0,0,0,0,0,0,0,0,0,0,0,0,0,0,0,0,0,0,0,0,0,0,0,0
Hard To Say Goodbye (feat. Chloe Angelides) - Tep No Remix,Ekali,50,104302,"['brostep', 'canadian electronic', 'edm', 'electro house', 'electronic trap', 'electropop', 'pop', 'pop edm', 'vapor twitch']",62,2020-03-13,2020-03-15,1,0,0,0,0,0,0,0,0,0,0,0,0,0,0,0,1,0,0,0,0,0,0,0,0,0,0,0,0,0,0,0,0,0,0,0,0,0,0,0,0,0,0,0,0,0,0,0,0,0
When Someone Leaves - Sofus Wiene Remix,Electrick Village,32,1521,[],32,2020-02-28,2020-03-15,1,0,0,0,0,0,0,0,0,0,0,0,0,0,0,0,0,0,0,0,0,0,0,0,0,0,0,0,0,0,0,0,0,0,0,0,0,0,0,0,0,1,0,0,0,0,0,0,0,0
Save You,Ellipso,55,528,[],54,2020-02-28,2020-03-15,1,0,0,0,0,0,0,0,0,0,0,0,0,0,0,0,0,0,0,0,0,0,0,0,0,0,0,1,0,0,0,0,0,0,0,0,0,0,0,0,0,0,0,0,0,0,0,0,0,0
Get Down Again,Enzo Siragusa,35,9098,"['minimal tech house', 'tech house', 'uk house']",33,2020-02-28,2020-03-15,1,0,0,0,0,0,0,0,0,0,0,0,0,0,0,0,0,0,0,0,0,0,0,0,0,0,0,0,0,0,0,0,0,0,0,0,0,0,0,0,0,0,1,0,0,0,0,0,0,0
Sun Hits Your Eyes,Example,54,241719,"['grime', 'hip house', 'house', 'tropical house', 'uk dance']",64,2020-02-28,2020-03-15,1,0,0,0,0,0,0,0,0,0,0,0,0,0,0,0,0,0,0,0,0,0,0,0,0,0,0,0,1,0,0,0,0,0,0,0,0,0,0,0,0,0,0,0,0,0,0,0,0,0
Forever,FLETCHER,58,197613,"['dance pop', 'electropop', 'indie poptimism', 'pop', 'post-teen pop', 'uk pop']",69,2020-03-13,2020-03-15,1,0,0,0,0,0,0,0,0,0,0,0,0,0,0,0,0,0,0,0,0,0,0,0,0,0,0,0,0,0,0,0,0,0,0,0,0,0,0,1,0,0,0,0,0,0,0,0,0,0
Yup (Amyelle Remix) - Radio Edit,Fallon,19,289,[],42,2020-02-27,2020-03-15,1,0,0,0,0,0,0,0,0,0,0,0,0,0,0,0,0,0,0,0,0,0,0,0,0,0,0,0,0,0,0,0,0,0,0,0,0,0,0,0,0,0,1,0,0,0,0,0,0,0
Constellation,Far Out,35,37538,"['bass trap', 'deep dubstep', 'pop edm', 'traprun']",57,2020-03-13,2020-03-15,1,0,0,0,0,0,0,0,0,0,0,0,0,0,0,0,1,0,0,0,0,0,0,0,0,0,0,0,0,0,0,0,0,0,0,0,0,0,0,0,0,0,0,0,0,0,0,0,0,0
YO,Faustix,41,19381,"['dakke dak', 'danish pop']",65,2020-03-12,2020-03-15,1,0,0,0,0,0,0,0,0,0,0,0,0,0,0,0,1,0,0,0,0,0,0,0,0,0,0,0,0,0,0,0,0,0,0,0,0,0,0,0,0,0,0,0,0,0,0,0,0,0
Faceless Fears - Hunter/Game Remix,Felix Kröcher,23,25662,"['frankfurt electronic', 'schranz']",33,2020-03-13,2020-03-15,1,0,0,0,0,0,0,0,0,0,0,0,0,0,1,0,0,0,0,0,0,0,0,0,0,0,0,0,0,0,0,0,0,0,0,0,0,0,0,0,0,0,0,0,0,0,0,0,0,0
You,Felix Raphael,22,470,['munich electronic'],35,2020-03-13,2020-03-15,1,0,0,0,0,0,0,0,0,0,0,0,0,0,1,0,0,0,0,0,0,0,0,0,0,0,0,0,0,0,0,0,0,0,0,0,0,0,0,0,0,0,0,0,0,0,0,0,0,0
Doorstep,Felix Raphael,32,470,['munich electronic'],35,2020-02-28,2020-03-15,1,0,0,0,0,0,0,0,0,0,0,0,0,0,1,0,0,0,0,0,0,0,0,0,0,0,0,0,0,0,0,0,0,0,0,0,0,0,0,0,0,0,0,0,0,0,0,0,0,0
Fantasm,Fio Fa,28,197,['irish electronic'],17,2020-03-06,2020-03-15,1,0,0,0,0,0,0,0,0,0,0,0,0,0,0,0,0,0,0,0,0,0,0,0,0,0,0,0,0,0,0,0,0,0,0,0,0,0,0,0,0,0,1,0,0,0,0,0,0,0
Bad Habit,Firebeatz,50,465419,"['big room', 'deep big room', 'dutch edm', 'dutch house', 'edm', 'electro house', 'house', 'pop edm', 'progressive electro house', 'progressive house']",63,2020-03-06,2020-03-15,1,0,0,0,0,0,0,0,0,0,0,1,0,0,0,0,0,0,0,0,0,0,0,0,0,0,0,0,0,0,0,0,0,0,0,0,0,0,0,0,0,0,0,0,0,0,0,0,0,0
The Difference,Flume,68,1961861,"['australian dance', 'australian electropop', 'australian indie', 'downtempo', 'edm']",77,2020-03-11,2020-03-15,1,0,0,0,0,0,0,0,0,0,0,0,0,0,0,0,1,0,0,0,0,0,0,0,0,0,0,0,0,0,0,0,0,0,0,0,0,0,0,0,0,0,0,0,0,0,0,0,0,0
I Want To Know What Love Is - BLOND:ISH Sunrise Jungle Rework,Foreigner,40,1507361,"['album rock', 'classic rock', 'hard rock', 'heartland rock', 'mellow gold', 'rock', 'soft rock']",71,2020-03-13,2020-03-15,1,0,0,0,0,0,0,0,0,0,0,0,0,0,0,0,1,0,0,0,0,0,0,0,0,0,0,0,0,0,0,0,0,0,0,0,0,0,0,0,0,0,0,0,0,0,0,0,0,0
School,Four Tet,53,410959,"['alternative dance', 'electronica', 'folktronica', 'indie soul', 'indietronica', 'intelligent dance music', 'new rave']",67,2020-03-13,2020-03-15,1,0,0,0,0,0,0,0,0,0,0,0,0,0,1,0,0,0,0,0,0,0,0,0,0,0,0,0,0,0,0,0,0,0,0,0,0,0,0,0,0,0,0,0,0,0,0,0,0,0
Home,Freddie One,12,226,[],9,2020-03-09,2020-03-15,1,0,0,0,0,0,0,0,0,0,0,0,0,0,0,0,1,0,0,0,0,0,0,0,0,0,0,0,0,0,0,0,0,0,0,0,0,0,0,0,0,0,0,0,0,0,0,0,0,0
Remember - OCULA Remix,Gabriel & Dresden,31,54546,"['edm', 'progressive house', 'progressive trance', 'trance', 'uplifting trance']",53,2020-03-09,2020-03-15,1,0,0,0,0,0,0,0,0,0,0,0,0,0,0,0,1,0,0,0,0,0,0,0,0,0,0,0,0,0,0,0,0,0,0,0,0,0,0,0,0,0,0,0,0,0,0,0,0,0
You'll Be OK,Gareth Emery,45,214543,"['big room', 'edm', 'progressive electro house', 'progressive house', 'progressive trance', 'trance', 'uplifting trance']",64,2020-03-13,2020-03-15,1,0,0,0,0,0,0,0,0,0,0,0,0,0,0,0,1,0,0,0,0,0,0,0,0,0,0,0,0,0,0,0,0,0,0,0,0,0,0,0,0,0,0,0,0,0,0,0,0,0
Gully Mode,Gentlemens Club,23,16480,"['brostep', 'zapstep']",44,2020-03-13,2020-03-15,1,0,0,0,0,0,0,0,0,0,0,0,0,0,0,0,1,0,0,0,0,0,0,0,0,0,0,0,0,0,0,0,0,0,0,0,0,0,0,0,0,0,0,0,0,0,0,0,0,0
Ever Really Know - Afrojack & Chico Rose Remix,Georgia Ku,18,4291,['uk pop'],66,2020-03-13,2020-03-15,1,0,0,0,0,0,0,0,0,0,0,0,0,0,0,0,1,0,0,0,0,0,0,0,0,0,0,0,0,0,0,0,0,0,0,0,0,0,0,0,0,0,0,0,0,0,0,0,0,0
Triton,Gorge,16,6017,"['minimal tech house', 'tech house']",39,2020-03-13,2020-03-15,1,0,0,0,0,0,0,0,0,0,0,0,0,0,1,0,0,0,0,0,0,0,0,0,0,0,0,0,0,0,0,0,0,0,0,0,0,0,0,0,0,0,0,0,0,0,0,0,0,0
Take From Me (Klangstof Remix),Áslaug,29,4283,[],26,2020-03-06,2020-03-15,1,0,0,0,0,0,0,0,0,0,0,0,0,0,1,0,0,0,0,0,0,0,0,0,0,0,0,0,0,0,0,0,0,0,0,0,0,0,0,0,0,0,0,0,0,0,0,0,0,0
