Track,Artist,Track Popularity,Followers,Genres,Artist Popularity,Release Date,Date,Total Playlists,9PM,All Funked Up,Alternative R&B,Amplify,Are & Be,Arkada Calsin,Bedroom Jams,Black Girl Magic,Butter,Chill Mode On,Chilled R&B,Fresh Finds,Good Morning Jazz,Next Wave Neo Soul,POLLEN,R&B Feels,R&B UK,Ready for the Day,Retro Pop,Silk Sheets,Soul Coffee,Soul Lounge,Soul n the City,Soultronic,Spotify & Chill,Study Break,Sweet Soul Sunday,The Newness,This Is How We Do,Your Office Stereo
Forfeit. (ft. Lucky Daye),Kiana Ledé,66,475756,"['alternative r&b', 'deep pop r&b', 'indie r&b', 'pop', 'post-teen pop', 'r&b', 'urban contemporary']",70,2020-03-13,2020-04-01,6,0,0,0,0,1,0,0,1,0,0,1,0,0,0,0,1,0,0,0,0,0,0,0,0,0,0,0,1,1,0
Fair Chance,Thundercat,65,440272,"['afrofuturism', 'hip hop', 'indie soul']",68,2020-03-17,2020-04-01,5,0,0,1,0,0,0,0,0,1,0,0,0,0,0,1,1,0,0,0,1,0,0,0,0,0,0,0,0,0,0
Toxic,Kehlani,74,3328595,"['pop', 'pop rap', 'post-teen pop', 'r&b', 'rap', 'urban contemporary']",82,2020-03-12,2020-04-01,5,0,0,0,0,1,0,0,0,0,0,1,0,0,0,0,1,0,0,0,0,0,0,0,0,0,0,0,1,1,0
More Than Enough,Alina Baraz,62,632261,"['alternative r&b', 'electropop', 'etherpop', 'pop']",72,2020-03-26,2020-04-01,5,0,0,0,0,0,0,1,0,0,0,1,0,0,0,0,1,0,0,0,1,0,0,0,0,0,0,0,1,0,0
The Morning,RIMON,47,34793,"['alternative r&b', 'dutch r&b', 'indie r&b']",48,2020-03-19,2020-04-01,4,0,0,1,0,0,0,0,0,0,0,0,0,0,1,0,0,0,0,0,1,0,0,1,0,0,0,0,0,0,0
Actions,John Legend,68,4927735,"['neo mellow', 'neo soul', 'pop', 'r&b', 'urban contemporary']",81,2020-03-20,2020-04-01,4,0,0,0,0,1,0,0,0,0,0,0,0,0,0,0,0,0,0,0,0,0,0,1,0,0,0,0,1,1,0
Too Late,The Weeknd,84,19682755,"['canadian contemporary r&b', 'canadian pop', 'pop']",97,2020-03-20,2020-04-01,4,0,0,0,0,1,0,0,0,0,0,0,0,0,0,0,1,0,0,0,0,0,0,0,0,0,0,0,1,1,0
Touchy Feely,Ro James,58,175011,"['alternative r&b', 'deep pop r&b', 'indie r&b', 'r&b']",56,2020-03-06,2020-04-01,4,0,0,0,0,0,0,1,0,0,0,1,0,0,0,0,1,0,0,0,0,0,0,0,0,0,0,0,1,0,0
BELIEVE IT,PARTYNEXTDOOR,80,2257905,"['hip hop', 'pop', 'pop rap', 'rap', 'toronto rap', 'trap', 'urban contemporary']",82,2020-03-27,2020-04-01,4,0,0,0,0,1,0,0,0,0,0,0,0,0,0,0,1,0,0,0,0,0,0,0,0,0,0,0,1,1,0
Between Us (feat. Snoh Aalegra),dvsn,67,711070,"['alternative r&b', 'canadian contemporary r&b', 'deep pop r&b', 'pop', 'r&b', 'trap soul', 'urban contemporary']",68,2020-03-19,2020-04-01,4,0,0,0,0,1,0,1,0,0,0,0,0,0,0,0,1,0,0,0,0,0,0,0,0,0,0,0,1,0,0
June,Pip Millett,51,34561,"['alternative r&b', 'indie r&b', 'indie soul', 'uk contemporary r&b']",54,2020-03-13,2020-04-01,4,0,0,0,0,0,0,0,0,1,0,0,0,0,0,0,0,1,1,0,0,0,0,1,0,0,0,0,0,0,0
Vein,Tora,49,521,[],36,2020-03-06,2020-04-01,4,0,0,1,0,0,0,0,0,0,0,0,0,0,0,1,0,1,0,0,0,0,0,0,0,1,0,0,0,0,0
King's Rant,Masego,64,540783,"['alternative r&b', 'indie soul']",71,2020-03-16,2020-04-01,4,0,0,0,0,0,0,0,0,1,0,0,0,0,0,0,0,0,0,0,1,0,0,0,0,0,0,0,1,1,0
Borderline,Jordan Rakei,54,188548,"['alternative r&b', 'indie jazz', 'indie r&b', 'indie soul', 'neo r&b', 'neo soul', 'soul']",65,2020-03-13,2020-04-01,4,0,0,0,0,0,1,0,0,1,0,0,0,0,0,0,0,0,0,0,0,0,0,1,0,1,0,0,0,0,0
Care for Your Mother,Jordan Mackampa,54,40769,['indie anthem-folk'],55,2020-03-13,2020-04-01,3,0,0,0,0,0,0,0,0,1,0,0,0,0,0,0,0,1,0,0,0,0,0,1,0,0,0,0,0,0,0
Good News,Col3trane,54,70962,"['alternative r&b', 'indie r&b', 'indie soul', 'trap soul', 'uk contemporary r&b']",61,2020-03-12,2020-04-01,3,0,0,0,0,0,0,0,0,0,0,0,0,0,0,1,0,1,0,0,0,0,0,0,0,0,0,0,0,1,0
Tension,Jayd Ink,37,6226,['deep pop r&b'],40,2020-03-06,2020-04-01,3,0,0,0,0,0,0,0,0,0,0,0,0,0,0,0,0,1,0,0,0,0,0,0,0,1,0,0,0,1,0
Butterflies Pt. 2,Queen Naija,58,1356870,"['deep pop r&b', 'pop', 'r&b', 'urban contemporary']",67,2020-03-13,2020-04-01,3,0,0,0,0,0,0,0,1,0,0,1,0,0,0,0,0,0,0,0,0,0,0,0,0,0,0,0,1,0,0
Give It Up 2 Me,Ojerime,36,2571,"['indie r&b', 'uk alternative hip hop', 'uk contemporary r&b']",35,2020-03-11,2020-04-01,3,0,0,0,0,0,0,0,0,0,0,0,0,0,0,0,0,1,0,0,0,0,0,0,0,1,0,0,0,1,0
B.S. (feat. H.E.R.),Jhené Aiko,82,3019249,"['alternative r&b', 'pop', 'r&b']",84,2020-03-06,2020-04-01,3,0,0,0,0,1,0,0,1,0,0,0,0,0,0,0,0,0,0,0,0,0,0,0,0,0,0,0,0,1,0
Ghost Town,Greentea Peng,48,44942,"['alternative r&b', 'indie r&b', 'indie soul', 'uk alternative hip hop', 'uk contemporary r&b']",52,2020-03-03,2020-04-01,3,0,0,1,0,0,0,0,0,0,0,0,0,0,0,0,0,1,0,0,0,0,0,0,0,1,0,0,0,0,0
"Black Men Don’t Cheat (feat. Ari Lennox, 6LACK & Tink)",K CAMP,62,1095817,"['atl hip hop', 'hip hop', 'melodic rap', 'pop rap', 'rap', 'southern hip hop', 'trap', 'viral trap']",74,2020-03-20,2020-04-01,3,0,0,0,0,0,0,0,0,0,0,0,0,0,0,0,1,0,0,0,0,0,0,0,0,0,0,0,1,1,0
Traingazing,Sam Wills,46,8151,"['indie r&b', 'neo r&b', 'uk contemporary r&b']",48,2020-03-04,2020-04-01,3,0,0,0,0,0,0,0,0,0,0,0,0,0,0,0,0,1,0,0,0,0,0,1,0,1,0,0,0,0,0
could it be,Ragz Originale,41,1548,['uk alternative hip hop'],38,2020-03-06,2020-04-01,3,0,0,0,0,0,0,0,0,0,0,0,0,0,0,0,0,1,0,0,0,0,0,0,0,1,0,0,0,1,0
homebody,Kamal.,56,1484,[],43,2020-03-04,2020-04-01,3,0,0,0,0,0,0,0,0,0,0,0,0,0,0,0,0,0,0,0,0,0,0,0,0,1,1,0,0,0,1
Be the One - Remix,Sinead Harnett,51,213211,"['alternative r&b', 'deep pop r&b', 'gauze pop', 'indie r&b', 'indie soul', 'uk contemporary r&b']",62,2020-03-20,2020-04-01,3,0,0,0,0,0,0,0,0,1,0,0,0,0,0,0,0,1,0,0,0,0,0,0,0,0,0,0,0,1,0
How Long 'Til We're Home,Ego Ella May,48,5329,"['alternative r&b', 'indie jazz', 'indie r&b', 'neo r&b', 'uk contemporary r&b']",41,2020-03-04,2020-04-01,3,0,0,0,0,0,0,0,0,1,0,0,0,0,0,0,0,1,0,0,0,0,0,0,0,1,0,0,0,0,0
"Crazy Kind of Love - From ""True to the Game 2""",Tamar Braxton,54,639858,"['dance pop', 'deep pop r&b', 'hip pop', 'neo soul', 'r&b', 'urban contemporary']",52,2020-03-20,2020-04-01,3,0,0,0,0,0,0,0,1,0,0,1,0,0,0,0,0,0,0,0,0,0,0,0,0,0,0,0,1,0,0
Pick Me Up,Lola Young,52,3163,[],45,2020-03-05,2020-04-01,3,0,0,0,0,0,0,0,0,0,0,0,0,0,0,0,0,1,0,0,0,0,0,0,0,1,0,0,0,1,0
My Year,MORGAN,48,717,[],41,2020-03-05,2020-04-01,2,0,0,0,0,0,0,0,0,0,0,0,0,0,0,0,0,1,0,0,0,0,0,0,0,0,0,0,0,1,0
elevator girl ft. Ivy Sole,Shura,51,150819,"['art pop', 'dance pop', 'electropop', 'indie poptimism', 'indietronica', 'shimmer pop', 'vapor soul']",55,2020-03-16,2020-04-01,2,1,0,0,0,0,0,0,0,0,0,0,0,0,0,0,0,1,0,0,0,0,0,0,0,0,0,0,0,0,0
100 Rounds,Frvrfriday,56,20038,"['canadian hip hop', 'trap soul']",50,2020-03-12,2020-04-01,2,0,0,0,0,0,0,0,0,0,0,0,0,0,0,0,0,0,0,0,0,0,0,0,0,0,1,0,0,1,0
Ginny,Sylo Nozra,54,13054,"['alternative r&b', 'canadian contemporary r&b', 'indie r&b', 'lo-fi chill']",46,2020-03-11,2020-04-01,2,0,0,0,0,0,0,1,0,0,0,1,0,0,0,0,0,0,0,0,0,0,0,0,0,0,0,0,0,0,0
Joyride,Rasharn Powell,38,1009,[],33,2020-03-05,2020-04-01,2,0,0,0,0,0,0,0,0,0,0,0,0,0,0,0,0,1,0,0,0,0,0,0,0,1,0,0,0,0,0
Cardigan,Don Toliver,80,388046,"['hip hop', 'pop rap', 'rap', 'trap']",83,2020-03-13,2020-04-01,2,0,0,0,0,0,0,0,0,0,0,0,0,0,0,0,1,0,0,0,0,0,0,0,0,0,0,0,0,1,0
Stone Cold,Deb Never,59,25418,[],52,2020-03-14,2020-04-01,2,0,0,0,0,0,1,0,0,0,0,0,0,0,0,1,0,0,0,0,0,0,0,0,0,0,0,0,0,0,0
Fireflies,18YOMAN,32,459,[],30,2020-03-27,2020-04-01,2,0,0,0,0,0,0,0,0,0,0,0,1,0,0,0,1,0,0,0,0,0,0,0,0,0,0,0,0,0,0
Trying,Orion Sun,54,32700,"['alternative r&b', 'bedroom pop', 'indie r&b', 'indie soul']",57,2020-03-27,2020-04-01,2,0,0,1,0,0,0,0,0,0,0,0,0,0,0,1,0,0,0,0,0,0,0,0,0,0,0,0,0,0,0
WORLD WE CREATED,Giveon,46,18980,"['alternative r&b', 'indie r&b']",56,2020-03-27,2020-04-01,2,0,0,0,0,0,0,1,0,0,0,0,0,0,0,0,0,0,0,0,1,0,0,0,0,0,0,0,0,0,0
Work It All Out,Isabelle Brown,38,1705,['alternative r&b'],31,2020-03-19,2020-04-01,2,0,0,0,0,0,0,0,0,1,0,0,0,0,0,0,0,1,0,0,0,0,0,0,0,0,0,0,0,0,0
In My Bones (feat. Kimbra & Tank and The Bangas),Jacob Collier,51,212741,"['indie soul', 'uk alternative pop']",59,2020-03-25,2020-04-01,2,0,1,0,0,0,0,0,0,0,0,0,0,0,0,0,0,0,1,0,0,0,0,0,0,0,0,0,0,0,0
Spanish Rose,James Vickery,42,38898,"['alternative r&b', 'indie r&b', 'uk contemporary r&b']",52,2020-03-04,2020-04-01,2,0,0,0,0,0,0,0,0,0,0,0,0,0,0,0,0,1,0,0,0,0,0,0,0,1,0,0,0,0,0
Baby Powder,Jenevieve,43,738,[],34,2020-03-25,2020-04-01,2,0,0,1,0,0,0,0,0,0,0,0,1,0,0,0,0,0,0,0,0,0,0,0,0,0,0,0,0,0,0
Vibe with Me,July 7,39,3642,['trap soul'],36,2020-03-06,2020-04-01,2,0,0,0,0,0,0,0,0,0,0,0,0,0,0,0,0,1,0,0,0,0,0,0,0,1,0,0,0,0,0
Carry Me Home,KOKOROKO,51,88864,"['british jazz', 'indie jazz', 'indie soul']",54,2020-03-03,2020-04-01,2,0,0,0,0,0,0,0,0,1,0,0,0,1,0,0,0,0,0,0,0,0,0,0,0,0,0,0,0,0,0
Easy,Kali Claire,38,2208,['uk pop'],41,2020-03-27,2020-04-01,2,0,0,0,0,0,0,0,0,0,0,0,0,0,0,0,0,1,0,0,0,0,0,0,0,0,0,0,0,1,0
Weightless (Freestyle),Nakala,30,21002,"['alternative r&b', 'deep pop r&b', 'indie r&b', 'lo-fi chill', 'trap soul', 'uk contemporary r&b']",43,2020-03-06,2020-04-01,2,0,0,0,0,0,0,0,0,0,0,0,0,0,0,0,0,1,0,0,0,0,0,0,0,1,0,0,0,0,0
Dawn at the Souk,Mr. Käfer,53,2143,"['chillhop', 'jazz boom bap', 'lo-fi beats']",52,2020-03-18,2020-04-01,2,0,0,0,0,0,0,0,0,1,0,0,0,1,0,0,0,0,0,0,0,0,0,0,0,0,0,0,0,0,0
Let a Man Do What He Wanna Do,Lee Fields,38,22904,"['funk', 'southern soul']",49,2020-03-12,2020-04-01,2,0,1,0,0,0,0,0,0,0,0,0,0,0,0,0,0,0,0,1,0,0,0,0,0,0,0,0,0,0,0
Worth It (feat. Wiley),Monique Lawz,50,428,[],48,2020-03-09,2020-04-01,2,0,0,0,0,0,0,0,0,0,0,0,0,0,0,0,0,1,0,0,0,0,0,0,0,0,0,0,0,1,0
Where You Belong,Little Dragon,58,494484,"['alternative dance', 'alternative r&b', 'art pop', 'chillwave', 'downtempo', 'electronica', 'electropop', 'escape room', 'gothenburg indie', 'indie soul', 'indietronica', 'new rave', 'swedish electropop', 'swedish synthpop', 'trip hop']",67,2020-03-27,2020-04-01,2,0,0,1,0,0,0,0,0,0,0,0,0,0,0,0,0,1,0,0,0,0,0,0,0,0,0,0,0,0,0
Are You Feeling Sad?,Little Dragon,65,494484,"['alternative dance', 'alternative r&b', 'art pop', 'chillwave', 'downtempo', 'electronica', 'electropop', 'escape room', 'gothenburg indie', 'indie soul', 'indietronica', 'new rave', 'swedish electropop', 'swedish synthpop', 'trip hop']",67,2020-03-04,2020-04-01,2,0,0,0,0,0,0,0,0,1,0,0,0,0,0,1,0,0,0,0,0,0,0,0,0,0,0,0,0,0,0
It's a Moot Point,Melanie Faye,59,21409,['bedroom soul'],51,2020-03-17,2020-04-01,2,0,0,1,0,0,0,0,0,0,0,0,0,0,0,1,0,0,0,0,0,0,0,0,0,0,0,0,0,0,0
Perfect,Tank,48,478003,"['deep pop r&b', 'pop rap', 'r&b', 'rap', 'urban contemporary']",64,2020-03-27,2020-04-01,2,0,0,0,0,0,0,0,0,0,0,1,0,0,0,0,0,0,0,0,0,0,0,0,0,0,0,0,1,0,0
Going Out Of My Way (feat. Mr Eazi),M.O,60,200827,"['girl group', 'house', 'post-teen pop', 'tropical house', 'uk hip hop']",57,2020-03-06,2020-04-01,2,0,0,0,0,0,0,0,0,0,0,0,0,0,0,0,0,1,0,0,0,0,0,0,0,0,0,0,0,1,0
just a boy,Alaina Castillo,61,24615,['pop'],60,2020-03-27,2020-04-01,2,0,0,0,0,0,0,0,0,0,0,0,0,0,0,0,0,0,0,0,0,0,0,1,0,0,0,0,0,1,0
24.19,Childish Gambino,70,6117235,"['atl hip hop', 'hip hop', 'pop rap', 'rap']",83,2020-03-22,2020-04-01,2,0,0,0,0,0,1,0,0,0,0,0,0,0,0,1,0,0,0,0,0,0,0,0,0,0,0,0,0,0,0
Kerosene!,Yves Tumor,59,64290,"['art pop', 'chamber psych', 'chillwave', 'escape room', 'experimental pop', 'fluxwork', 'freak folk', 'hyperpop', 'indietronica']",56,2020-03-09,2020-04-01,2,0,0,1,0,0,0,0,0,0,0,0,0,0,0,1,0,0,0,0,0,0,0,0,0,0,0,0,0,0,0
Wonder Girl,BenjiFlow,43,4593,"['indie r&b', 'uk alternative hip hop']",41,2020-03-13,2020-04-01,2,0,0,0,0,0,0,0,0,0,0,0,0,0,0,0,0,0,0,0,0,0,0,0,0,1,0,0,0,1,0
Facetime (with Durand Bernarr) - Remix,Ari Lennox,47,272128,"['alternative r&b', 'dmv rap', 'pop', 'r&b', 'urban contemporary']",70,2020-03-27,2020-04-01,2,0,0,0,0,0,0,1,0,0,0,0,0,0,0,0,0,0,0,0,0,0,0,0,0,0,0,0,1,0,0
I Don’t Wanna Go Outside,Zilo,34,9511,"['alternative r&b', 'bass trap', 'indie r&b', 'neo r&b']",37,2020-03-06,2020-04-01,2,0,0,0,0,0,0,0,0,0,0,0,0,0,0,0,0,1,0,0,0,0,0,0,0,1,0,0,0,0,0
Night & Day,August Twelfth,31,542,['uk contemporary r&b'],26,2020-03-12,2020-04-01,2,0,0,0,0,0,0,0,0,0,0,0,0,0,0,0,0,1,0,0,0,0,0,0,0,1,0,0,0,0,0
Morocco feat. 6LACK,Alina Baraz,67,632261,"['alternative r&b', 'electropop', 'etherpop', 'pop']",72,2020-03-09,2020-04-01,2,0,0,1,0,0,0,0,0,0,0,0,0,0,0,0,0,0,0,0,0,0,0,0,0,0,0,0,1,0,0
Lift Off,Tom Misch,61,606787,['indie soul'],72,2020-03-11,2020-04-01,2,0,0,0,0,0,0,0,0,0,0,0,0,1,0,0,0,0,0,0,0,0,0,0,0,1,0,0,0,0,0
Escape From LA,The Weeknd,83,19682755,"['canadian contemporary r&b', 'canadian pop', 'pop']",97,2020-03-20,2020-04-01,2,0,0,0,0,1,0,1,0,0,0,0,0,0,0,0,0,0,0,0,0,0,0,0,0,0,0,0,0,0,0
Own Your Own,Yazmin Lacey,43,27869,"['alternative r&b', 'indie jazz', 'indie soul', 'neo r&b', 'uk contemporary jazz']",50,2020-03-27,2020-04-01,2,1,0,0,0,0,0,0,0,1,0,0,0,0,0,0,0,0,0,0,0,0,0,0,0,0,0,0,0,0,0
Wondering,Becky and the Birds,46,1256,[],35,2020-03-25,2020-04-01,2,0,0,0,0,0,1,0,0,0,0,0,0,0,0,1,0,0,0,0,0,0,0,0,0,0,0,0,0,0,0
Naked,Bickle,54,1041,[],40,2020-03-10,2020-04-01,2,0,0,0,0,0,0,0,0,0,0,0,1,0,0,0,0,0,0,0,0,0,0,0,0,0,1,0,0,0,0
Lovely Lonely,Chloe Bodur,37,613,[],26,2020-03-18,2020-04-01,2,0,0,0,0,0,0,0,0,0,0,0,0,0,0,0,0,1,0,0,0,0,0,0,1,0,0,0,0,0,0
Say Less,Nieman J,43,84,[],38,2020-03-13,2020-04-01,1,0,0,0,0,0,0,1,0,0,0,0,0,0,0,0,0,0,0,0,0,0,0,0,0,0,0,0,0,0,0
Tides That Defeat Identity,Nick Storring,8,101,[],6,2020-03-27,2020-04-01,1,0,0,0,0,0,0,0,0,0,0,0,1,0,0,0,0,0,0,0,0,0,0,0,0,0,0,0,0,0,0
Roulette,Olivia Grace,9,674,[],27,2020-03-27,2020-04-01,1,0,0,0,0,0,0,0,0,0,0,0,1,0,0,0,0,0,0,0,0,0,0,0,0,0,0,0,0,0,0
QADIR - Single Version,Nick Hakim,2,90759,"['alternative r&b', 'indie jazz', 'indie soul', 'neo r&b']",51,2020-03-31,2020-04-01,1,0,0,0,0,0,0,0,0,0,0,0,0,0,0,1,0,0,0,0,0,0,0,0,0,0,0,0,0,0,0
Streetlight,Yakul,37,3046,"['brighton indie', 'neo r&b']",33,2020-03-06,2020-04-01,1,0,0,0,0,0,0,0,0,0,0,0,0,0,0,0,0,1,0,0,0,0,0,0,0,0,0,0,0,0,0
Helen,Oliver Malcolm,54,2080,[],50,2020-03-26,2020-04-01,1,0,0,0,0,0,0,0,0,0,0,0,0,0,0,1,0,0,0,0,0,0,0,0,0,0,0,0,0,0,0
Don't Feel Right,Victoria Skie,9,260,[],6,2020-03-21,2020-04-01,1,0,0,0,0,0,0,0,0,0,0,0,1,0,0,0,0,0,0,0,0,0,0,0,0,0,0,0,0,0,0
Afraid,OXALIS,26,26,[],15,2020-03-13,2020-04-01,1,0,0,0,0,0,0,0,0,0,1,0,0,0,0,0,0,0,0,0,0,0,0,0,0,0,0,0,0,0,0
Saved by Animals,We Are Revolution,11,14,[],3,2020-03-20,2020-04-01,1,1,0,0,0,0,0,0,0,0,0,0,0,0,0,0,0,0,0,0,0,0,0,0,0,0,0,0,0,0,0
WAKING UP DOWN,Yaeji,61,206172,"['art pop', 'electropop', 'escape room', 'experimental house']",59,2020-03-10,2020-04-01,1,0,0,0,0,0,0,0,0,0,0,0,0,0,0,1,0,0,0,0,0,0,0,0,0,0,0,0,0,0,0
WHAT WE DREW 우리가 그려왔던,Yaeji,0,206172,"['art pop', 'electropop', 'escape room', 'experimental house']",59,2020-03-31,2020-04-01,1,0,0,0,0,0,0,0,0,0,0,0,0,0,0,1,0,0,0,0,0,0,0,0,0,0,0,0,0,0,0
Faith Made of Silk,Nicolas Jaar,44,517018,"['downtempo', 'electronica', 'microhouse']",60,2020-03-27,2020-04-01,1,0,0,0,0,0,0,0,0,0,0,0,0,0,0,1,0,0,0,0,0,0,0,0,0,0,0,0,0,0,0
Think I'll Stay,Westerman,41,17840,['uk alternative pop'],48,2020-03-11,2020-04-01,1,0,0,0,0,0,0,0,0,0,0,0,0,0,0,0,0,0,0,0,0,0,0,0,0,0,0,0,0,0,1
More Than Me,Young T & Bugsey,52,138522,"['uk drill', 'uk hip hop']",68,2020-03-20,2020-04-01,1,0,0,0,0,0,0,0,0,0,0,0,0,0,0,0,0,0,0,0,0,0,0,0,0,0,0,0,0,1,0
Blessed,Nieman J,43,84,[],38,2020-03-27,2020-04-01,1,0,0,0,0,0,0,0,0,0,0,0,0,0,0,0,0,0,0,0,0,0,0,0,0,0,0,0,1,0,0
Aquaself,Nightmares On Wax,48,283496,"['bleep techno', 'downtempo', 'electronica', 'indie jazz', 'indie soul', 'ninja', 'nu jazz', 'trip hop', 'turntablism']",60,2020-03-10,2020-04-01,1,1,0,0,0,0,0,0,0,0,0,0,0,0,0,0,0,0,0,0,0,0,0,0,0,0,0,0,0,0,0
Blinding Lights - Chromatics Remix,The Weeknd,67,19682755,"['canadian contemporary r&b', 'canadian pop', 'pop']",97,2020-03-23,2020-04-01,1,0,0,0,0,0,0,0,0,0,0,0,0,0,0,0,1,0,0,0,0,0,0,0,0,0,0,0,0,0,0
New Day,Mzuki,24,79,[],12,2020-03-13,2020-04-01,1,0,0,0,0,0,0,0,0,0,0,0,0,0,0,0,1,0,0,0,0,0,0,0,0,0,0,0,0,0,0
Throw Me A Text,Young T & Bugsey,58,138522,"['uk drill', 'uk hip hop']",68,2020-03-20,2020-04-01,1,0,0,0,0,0,0,0,0,0,0,0,0,0,0,0,0,0,0,0,0,0,0,0,0,0,0,0,0,1,0
Catch,i.amsolo,31,75,[],31,2020-03-19,2020-04-01,1,0,0,0,0,0,0,0,0,0,0,0,0,0,0,0,1,0,0,0,0,0,0,0,0,0,0,0,0,0,0
Right,Mac Miller,72,4161185,"['hip hop', 'pittsburgh rap', 'rap']",86,2020-03-19,2020-04-01,1,0,0,0,0,0,0,0,0,0,0,0,0,0,0,1,0,0,0,0,0,0,0,0,0,0,0,0,0,0,0
Moving Forward,Madsius Ovanda,39,869,['munich indie'],26,2020-03-06,2020-04-01,1,0,0,0,0,0,0,0,0,1,0,0,0,0,0,0,0,0,0,0,0,0,0,0,0,0,0,0,0,0,0
4AM,Manny Norté,65,360,[],51,2020-03-19,2020-04-01,1,0,0,0,0,0,0,0,0,0,0,0,0,0,0,0,0,0,0,0,0,0,0,0,0,0,0,0,0,1,0
no one knows,Marian Hill,40,416459,['electropop'],65,2020-03-18,2020-04-01,1,0,0,0,0,0,0,0,0,0,1,0,0,0,0,0,0,0,0,0,0,0,0,0,0,0,0,0,0,0,0
Home With You,Marie Dahlstrom,38,12996,"['alternative r&b', 'indie r&b', 'neo r&b', 'uk contemporary r&b']",45,2020-03-13,2020-04-01,1,0,0,0,0,0,0,0,0,0,0,0,0,0,0,0,0,1,0,0,0,0,0,0,0,0,0,0,0,0,0
Castles,Marle Thomson,26,3809,[],24,2020-03-06,2020-04-01,1,0,0,0,0,0,0,0,0,0,1,0,0,0,0,0,0,0,0,0,0,0,0,0,0,0,0,0,0,0,0
This Is Not a Drill,ize,30,322,[],17,2020-03-19,2020-04-01,1,0,0,0,0,0,0,0,0,0,0,0,1,0,0,0,0,0,0,0,0,0,0,0,0,0,0,0,0,0,0
As Far,iET,24,963,[],18,2020-03-25,2020-04-01,1,0,0,0,0,0,0,0,0,0,1,0,0,0,0,0,0,0,0,0,0,0,0,0,0,0,0,0,0,0,0
Small Talk,i.amsolo,32,75,[],31,2020-03-24,2020-04-01,1,0,0,0,0,0,0,0,0,0,0,0,0,0,0,0,1,0,0,0,0,0,0,0,0,0,0,0,0,0,0
Light - Edit,Michael Kiwanuka,57,754394,"['british soul', 'neo soul', 'soul']",70,2020-03-06,2020-04-01,1,0,0,0,0,0,0,0,0,0,0,0,0,0,0,0,0,0,0,0,0,0,0,0,0,0,0,0,0,0,1
Ghost,Nakala,34,21002,"['alternative r&b', 'deep pop r&b', 'indie r&b', 'lo-fi chill', 'trap soul', 'uk contemporary r&b']",43,2020-03-13,2020-04-01,1,0,0,0,0,0,0,0,0,0,0,0,0,0,0,0,0,1,0,0,0,0,0,0,0,0,0,0,0,0,0
Do Your Thing!,Michael Medrano,30,1239,[],32,2020-03-17,2020-04-01,1,0,0,0,0,0,0,0,0,0,0,0,1,0,0,0,0,0,0,0,0,0,0,0,0,0,0,0,0,0,0
Spectacular,Mike Akox,37,1031,['australian hip hop'],27,2020-03-13,2020-04-01,1,0,0,0,0,0,0,0,0,0,0,0,0,0,0,0,1,0,0,0,0,0,0,0,0,0,0,0,0,0,0
fwb,brakence,55,10653,['emo rap'],54,2020-03-04,2020-04-01,1,0,0,0,0,0,0,0,0,0,0,0,0,0,0,0,0,0,0,0,0,0,0,0,0,0,1,0,0,0,0
Suffocating,Monophonics,40,48614,"['afrobeat', 'bay area indie', 'funk', 'instrumental funk']",48,2020-03-13,2020-04-01,1,0,0,0,0,0,0,0,0,0,0,0,0,0,0,0,0,0,0,1,0,0,0,0,0,0,0,0,0,0,0
Last One Standing,Monophonics,43,48614,"['afrobeat', 'bay area indie', 'funk', 'instrumental funk']",48,2020-03-03,2020-04-01,1,0,0,0,0,0,0,0,0,0,0,0,0,0,0,0,0,0,0,1,0,0,0,0,0,0,0,0,0,0,0
Reach It,Morane,13,76,[],18,2020-03-20,2020-04-01,1,0,0,0,0,0,0,0,0,0,1,0,0,0,0,0,0,0,0,0,0,0,0,0,0,0,0,0,0,0,0
Stay Alive,Mustafa,50,1843,[],44,2020-03-11,2020-04-01,1,0,0,0,0,0,0,0,0,0,0,0,0,0,0,1,0,0,0,0,0,0,0,0,0,0,0,0,0,0,0
Stay Alive,Mustafa,55,1843,[],44,2020-03-11,2020-04-01,1,0,0,0,0,0,0,0,0,0,0,0,0,0,0,0,0,0,0,0,0,0,0,0,0,1,0,0,0,0,0
Overgrown,ZEMBU,33,484,[],28,2020-03-13,2020-04-01,1,0,0,0,0,0,0,0,0,0,0,0,0,0,0,0,0,0,0,0,0,0,0,0,0,0,1,0,0,0,0
Girls,Vetta Borne,30,567,[],27,2020-03-20,2020-04-01,1,0,0,0,0,0,0,0,0,0,0,0,0,0,0,0,0,0,1,0,0,0,0,0,0,0,0,0,0,0,0
NOTHING LESS,PARTYNEXTDOOR,69,2257905,"['hip hop', 'pop', 'pop rap', 'rap', 'toronto rap', 'trap', 'urban contemporary']",82,2020-03-27,2020-04-01,1,0,0,0,0,0,0,1,0,0,0,0,0,0,0,0,0,0,0,0,0,0,0,0,0,0,0,0,0,0,0
Lightning,Orion Sun,58,32700,"['alternative r&b', 'bedroom pop', 'indie r&b', 'indie soul']",57,2020-03-13,2020-04-01,1,0,0,0,0,0,0,0,0,0,0,0,0,0,0,1,0,0,0,0,0,0,0,0,0,0,0,0,0,0,0
Hold It Down,Spencer.,40,15968,['bedroom pop'],47,2020-03-24,2020-04-01,1,0,0,1,0,0,0,0,0,0,0,0,0,0,0,0,0,0,0,0,0,0,0,0,0,0,0,0,0,0,0
Cosmic Dust - Thelonious Coltrane Remix,Thelonious Coltrane,42,2230,"['chillhop', 'jazz boom bap']",42,2020-03-20,2020-04-01,1,0,0,0,0,0,0,0,0,1,0,0,0,0,0,0,0,0,0,0,0,0,0,0,0,0,0,0,0,0,0
Seems Like,Thee Sinseers,30,3155,[],30,2020-03-03,2020-04-01,1,0,0,0,0,0,0,0,0,0,0,0,0,0,0,0,0,0,0,1,0,0,0,0,0,0,0,0,0,0,0
Cookout,Serena Isioma,52,1414,[],43,2020-03-18,2020-04-01,1,0,0,0,0,0,0,0,0,0,0,0,0,0,0,1,0,0,0,0,0,0,0,0,0,0,0,0,0,0,0
5 Days,Shaqdi,26,2413,['scandinavian r&b'],33,2020-03-05,2020-04-01,1,0,0,0,0,0,0,0,0,0,0,0,0,0,0,0,0,0,0,0,0,0,0,0,0,1,0,0,0,0,0
Scared To Live,The Weeknd,84,19682755,"['canadian contemporary r&b', 'canadian pop', 'pop']",97,2020-03-20,2020-04-01,1,0,0,0,0,0,0,0,0,0,0,0,0,0,0,0,1,0,0,0,0,0,0,0,0,0,0,0,0,0,0
Snowchild,The Weeknd,83,19682755,"['canadian contemporary r&b', 'canadian pop', 'pop']",98,2020-03-20,2020-04-01,1,0,0,1,0,0,0,0,0,0,0,0,0,0,0,0,0,0,0,0,0,0,0,0,0,0,0,0,0,0,0
Sinkin' Down,SoMo,54,592747,"['dance pop', 'deep pop r&b', 'pop', 'post-teen pop', 'r&b']",65,2020-03-09,2020-04-01,1,0,0,0,0,0,0,0,0,0,0,0,0,0,0,0,0,0,0,0,0,0,0,0,0,0,0,0,1,0,0
Snowchild,The Weeknd,83,19682755,"['canadian contemporary r&b', 'canadian pop', 'pop']",97,2020-03-20,2020-04-01,1,0,0,0,0,0,0,0,0,0,0,0,0,0,0,0,1,0,0,0,0,0,0,0,0,0,0,0,0,0,0
Fractal Spirits - Moo Latte Remix,Soia,42,1436,['austrian indie'],30,2020-03-06,2020-04-01,1,0,0,0,0,0,0,0,0,1,0,0,0,0,0,0,0,0,0,0,0,0,0,0,0,0,0,0,0,0,0
Home,Somni,43,2423,[],42,2020-03-27,2020-04-01,1,0,0,0,0,0,0,0,0,1,0,0,0,0,0,0,0,0,0,0,0,0,0,0,0,0,0,0,0,0,0
Concentrate,Stund,0,266,[],3,2020-03-24,2020-04-01,1,0,0,0,0,0,0,0,0,0,0,0,1,0,0,0,0,0,0,0,0,0,0,0,0,0,0,0,0,0,0
TRAUMA,PARTYNEXTDOOR,68,2257905,"['hip hop', 'pop', 'pop rap', 'rap', 'toronto rap', 'trap', 'urban contemporary']",82,2020-03-27,2020-04-01,1,0,0,0,0,0,0,0,0,0,0,0,0,0,0,0,0,0,0,0,0,0,0,0,0,0,0,0,0,1,0
Couch Potato,Sunziro,6,5,[],1,2020-03-22,2020-04-01,1,0,0,0,0,0,0,0,0,0,0,0,1,0,0,0,0,0,0,0,0,0,0,0,0,0,0,0,0,0,0
Come and Go,TOKiMONSTA,53,219805,"['chillwave', 'electra', 'indie soul', 'indietronica', 'vapor soul', 'vapor twitch', 'wonky']",60,2020-03-20,2020-04-01,1,0,0,0,0,0,0,0,0,0,0,0,0,0,0,0,0,0,0,0,0,0,0,0,1,0,0,0,0,0,0
Snowchild,The Weeknd,69,19682755,"['canadian contemporary r&b', 'canadian pop', 'pop']",97,2020-03-23,2020-04-01,1,0,0,0,0,0,0,0,0,0,0,0,0,0,0,1,0,0,0,0,0,0,0,0,0,0,0,0,0,0,0
Repeat After Me (Interlude),The Weeknd,67,19682755,"['canadian contemporary r&b', 'canadian pop', 'pop']",97,2020-03-23,2020-04-01,1,0,0,0,0,0,0,0,0,0,0,0,0,0,0,1,0,0,0,0,0,0,0,0,0,0,0,0,0,0,0
Heavy On My Heart,Ted Jasper,35,2477,[],38,2020-03-20,2020-04-01,1,0,0,0,0,0,0,0,0,0,0,0,0,0,0,0,0,0,0,0,0,0,0,0,1,0,0,0,0,0,0
We Got Love,Teyana Taylor,58,753033,"['alternative r&b', 'deep pop r&b', 'hip pop', 'pop', 'pop rap', 'r&b', 'rap', 'urban contemporary']",68,2020-03-13,2020-04-01,1,0,0,0,0,0,0,0,0,0,0,0,0,0,0,0,0,0,0,0,0,0,0,0,0,0,0,0,1,0,0
Rile 'Em Up,The Allergies,26,12569,"['bboy', 'big beat']",40,2020-03-27,2020-04-01,1,0,1,0,0,0,0,0,0,0,0,0,0,0,0,0,0,0,0,0,0,0,0,0,0,0,0,0,0,0,0
Running Red Lights (feat. Rivers Cuomo & Pink Siifu),The Avalanches,60,274861,"['alternative dance', 'australian alternative rock', 'australian dance', 'collage pop', 'electronica', 'indietronica', 'new rave']",61,2020-03-18,2020-04-01,1,0,0,0,0,0,0,0,0,0,0,0,0,0,0,0,0,0,0,0,0,0,0,0,0,0,0,0,0,0,1
Love and Unity,The Burroughs,34,1049,[],22,2020-03-03,2020-04-01,1,0,1,0,0,0,0,0,0,0,0,0,0,0,0,0,0,0,0,0,0,0,0,0,0,0,0,0,0,0,0
Shake It - 45,The New Mastersounds,35,48689,"['afrobeat', 'bboy', 'brit funk', 'funk', 'hammond organ', 'instrumental funk', 'jam band', 'modern funk']",46,2020-03-27,2020-04-01,1,0,1,0,0,0,0,0,0,0,0,0,0,0,0,0,0,0,0,0,0,0,0,0,0,0,0,0,0,0,0
Then There Was You,Thomas Dybdahl,38,54502,"['norwegian indie', 'norwegian pop', 'norwegian rock', 'norwegian singer-songwriter']",51,2020-03-13,2020-04-01,1,0,0,0,0,0,0,0,0,0,0,0,0,0,0,0,0,0,0,1,0,0,0,0,0,0,0,0,0,0,0
My Line,Reuben James,46,2212,[],36,2020-03-27,2020-04-01,1,0,0,0,0,0,0,0,0,0,0,0,0,0,0,0,0,1,0,0,0,0,0,0,0,0,0,0,0,0,0
Time Right Now,Reuben Isaac,15,33,[],13,2020-03-06,2020-04-01,1,0,0,0,0,0,0,0,0,0,1,0,0,0,0,0,0,0,0,0,0,0,0,0,0,0,0,0,0,0,0
WE LIKE THIS,Reef Loretto,6,90,[],3,2020-03-27,2020-04-01,1,0,0,0,0,0,0,0,0,0,0,0,1,0,0,0,0,0,0,0,0,0,0,0,0,0,0,0,0,0,0
Travelers Prayer - EU Version,The Phenomenal Handclap Band,48,9442,['nu disco'],41,2020-03-13,2020-04-01,1,0,0,0,0,0,0,0,0,1,0,0,0,0,0,0,0,0,0,0,0,0,0,0,0,0,0,0,0,0,0
Astronaut,Uma,38,980,[],29,2020-03-12,2020-04-01,1,0,0,0,0,0,0,0,0,0,0,0,0,0,0,0,0,0,0,0,0,0,0,0,0,0,0,0,0,0,1
You Never Said,PNK FME,32,1643,"['australian electropop', 'trap soul']",30,2020-03-25,2020-04-01,1,0,0,0,0,0,0,0,0,0,0,0,0,0,0,0,1,0,0,0,0,0,0,0,0,0,0,0,0,0,0
cold water,Uly,30,837,[],33,2020-03-27,2020-04-01,1,0,0,0,0,0,0,0,0,0,0,0,0,0,0,0,0,0,0,0,0,0,0,0,0,0,0,0,0,0,1
Sleep Talk,Patricia Lalor,39,4029,[],31,2020-03-20,2020-04-01,1,0,0,0,0,0,0,0,0,0,0,0,0,0,0,0,0,0,0,0,0,0,0,0,0,0,0,0,0,0,1
It's Just Life,Pinty,37,2881,['uk alternative hip hop'],33,2020-03-03,2020-04-01,1,0,0,0,0,0,0,0,0,0,0,0,0,0,0,0,0,0,0,0,0,0,0,0,1,0,0,0,0,0,0
$HUT IT DOWN (prod. Tommy Kruise),Tyleen,24,42,[],12,2020-03-25,2020-04-01,1,0,0,0,0,0,0,0,0,0,0,0,1,0,0,0,0,0,0,0,0,0,0,0,0,0,0,0,0,0,0
AAA,Tyde Levi,38,5865,[],29,2020-03-20,2020-04-01,1,0,0,0,0,0,0,0,0,0,0,0,0,0,0,0,1,0,0,0,0,0,0,0,0,0,0,0,0,0,0
Look in My Eyes,Tower Of Power,42,179535,"['funk', 'jazz funk', 'jazz fusion', 'modern funk', 'soul']",53,2020-03-20,2020-04-01,1,0,1,0,0,0,0,0,0,0,0,0,0,0,0,0,0,0,0,0,0,0,0,0,0,0,0,0,0,0,0
Get It Right,REMI,41,24038,['australian hip hop'],47,2020-03-13,2020-04-01,1,0,0,0,0,0,0,0,0,1,0,0,0,0,0,0,0,0,0,0,0,0,0,0,0,0,0,0,0,0,0
Wall Of Water,RIIVA,39,102,[],26,2020-03-20,2020-04-01,1,0,0,0,0,0,0,0,0,1,0,0,0,0,0,0,0,0,0,0,0,0,0,0,0,0,0,0,0,0,0
Kyiv,Tom Misch,57,606787,['indie soul'],72,2020-03-25,2020-04-01,1,0,0,0,0,0,0,0,0,1,0,0,0,0,0,0,0,0,0,0,0,0,0,0,0,0,0,0,0,0,0
Top Winners (feat. Not3s),Tinie Tempah,65,690562,"['dance pop', 'grime', 'pop', 'pop rap', 'tropical house']",68,2020-03-16,2020-04-01,1,0,0,0,0,0,0,0,0,0,0,0,0,0,0,0,0,0,0,0,0,0,0,0,0,0,0,0,0,1,0
THE SUN SHINES SO BRIGHT WITH YOU,ROMderful,24,7860,"['alternative r&b', 'indie r&b']",43,2020-03-28,2020-04-01,1,0,0,1,0,0,0,0,0,0,0,0,0,0,0,0,0,0,0,0,0,0,0,0,0,0,0,0,0,0,0
Dolerme,ROSALÍA,73,3058057,['r&b en espanol'],81,2020-03-24,2020-04-01,1,0,0,0,0,0,0,0,0,0,0,0,0,0,0,1,0,0,0,0,0,0,0,0,0,0,0,0,0,0,0
Dangerous,Timomatic,23,24367,['australian pop'],41,2020-03-19,2020-04-01,1,0,0,0,0,0,0,0,0,0,0,0,0,0,0,0,1,0,0,0,0,0,0,0,0,0,0,0,0,0,0
Monday,Tiana Blake,7,676,[],43,2020-03-30,2020-04-01,1,0,0,0,0,0,0,0,0,0,0,0,0,0,0,0,0,0,0,0,0,0,0,0,0,0,0,0,0,1,0
Whiskey Regrets,Rationale,42,64517,"['indie r&b', 'uk contemporary r&b']",57,2020-03-11,2020-04-01,1,0,0,0,0,0,0,0,0,0,0,0,0,0,0,0,0,1,0,0,0,0,0,0,0,0,0,0,0,0,0
I Really Want to See You Again,Raul Midon,34,28729,['contemporary vocal jazz'],39,2020-03-13,2020-04-01,1,0,0,0,0,0,0,0,0,0,0,0,0,0,0,0,0,0,0,1,0,0,0,0,0,0,0,0,0,0,0
Patience,Thomas Dybdahl,40,54502,"['norwegian indie', 'norwegian pop', 'norwegian rock', 'norwegian singer-songwriter']",51,2020-03-13,2020-04-01,1,0,0,0,0,0,0,0,0,0,0,0,0,0,0,0,0,0,0,0,0,0,0,1,0,0,0,0,0,0,0
Karma,Reed Gaines,7,72,[],12,2020-03-26,2020-04-01,1,0,0,0,0,0,0,0,0,0,0,0,1,0,0,0,0,0,0,0,0,0,0,0,0,0,0,0,0,0,0
Huh,Scuti,19,449,[],22,2020-03-24,2020-04-01,1,0,0,0,0,0,0,0,0,0,0,0,1,0,0,0,0,0,0,0,0,0,0,0,0,0,0,0,0,0,0
Let's Get a Groove On,Lee Fields,34,22904,"['funk', 'southern soul']",49,2020-03-18,2020-04-01,1,0,1,0,0,0,0,0,0,0,0,0,0,0,0,0,0,0,0,0,0,0,0,0,0,0,0,0,0,0,0
i'm lonely,Luz,19,3526,[],36,2020-03-27,2020-04-01,1,0,0,0,0,0,0,0,0,0,0,0,1,0,0,0,0,0,0,0,0,0,0,0,0,0,0,0,0,0,0
Silence,Bryde,27,7094,['welsh indie'],33,2020-03-27,2020-04-01,1,0,0,0,0,0,0,0,0,0,0,0,0,0,0,0,0,0,0,0,0,0,0,0,0,0,0,0,0,0,1
NTE,Buscabulla,57,32496,"['indietronica', 'latintronica', 'puerto rican indie']",48,2020-03-04,2020-04-01,1,0,0,0,0,0,0,0,0,0,0,0,0,0,0,1,0,0,0,0,0,0,0,0,0,0,0,0,0,0,0
New Phone,CARSTEN2X,31,78,[],19,2020-03-12,2020-04-01,1,0,0,0,0,0,0,0,0,0,0,0,0,0,0,0,0,0,0,0,0,0,0,0,0,0,0,0,0,1,0
Consistency,Carneyval,26,1159,[],37,2020-03-13,2020-04-01,1,0,0,0,0,0,0,0,0,0,0,0,0,0,0,0,0,0,1,0,0,0,0,0,0,0,0,0,0,0,0
Do Right,Cassia,43,22186,"['english indie rock', 'manchester indie']",44,2020-03-13,2020-04-01,1,0,0,0,0,0,0,0,0,0,0,0,0,0,0,0,0,0,0,0,0,0,0,0,0,0,0,0,0,0,1
Moth,Cassowary,0,2039,[],29,2020-03-31,2020-04-01,1,1,0,0,0,0,0,0,0,0,0,0,0,0,0,0,0,0,0,0,0,0,0,0,0,0,0,0,0,0,0
Reckless,Celaviedmai,25,361,['irish pop'],24,2020-03-27,2020-04-01,1,0,0,0,0,0,0,0,0,0,0,0,1,0,0,0,0,0,0,0,0,0,0,0,0,0,0,0,0,0,0
I Love Vertigo,Chassol,38,24926,"['french indie pop', 'french indietronica']",46,2020-03-06,2020-04-01,1,1,0,0,0,0,0,0,0,0,0,0,0,0,0,0,0,0,0,0,0,0,0,0,0,0,0,0,0,0,0
12.38,Childish Gambino,54,6117235,"['atl hip hop', 'hip hop', 'pop rap', 'rap']",83,2020-03-23,2020-04-01,1,0,0,0,0,0,0,0,0,0,0,0,0,0,0,0,1,0,0,0,0,0,0,0,0,0,0,0,0,0,0
Time,Childish Gambino,54,6117235,"['atl hip hop', 'hip hop', 'pop rap', 'rap']",83,2020-03-23,2020-04-01,1,0,0,0,0,0,0,0,0,0,0,0,0,0,0,0,1,0,0,0,0,0,0,0,0,0,0,0,0,0,0
12.38,Childish Gambino,74,6117235,"['atl hip hop', 'hip hop', 'pop rap', 'rap']",83,2020-03-22,2020-04-01,1,0,0,0,0,0,0,0,0,0,0,0,0,0,0,0,0,0,0,0,0,0,0,0,0,0,0,0,0,1,0
Time,Childish Gambino,74,6117235,"['atl hip hop', 'hip hop', 'pop rap', 'rap']",83,2020-03-22,2020-04-01,1,0,0,0,0,0,0,0,0,0,0,0,0,0,0,1,0,0,0,0,0,0,0,0,0,0,0,0,0,0,0
When I'm in Your Arms,Cleo Sol,36,68675,"['alternative r&b', 'indie r&b', 'indie soul', 'neo r&b', 'uk contemporary r&b']",54,2020-03-27,2020-04-01,1,0,0,0,0,0,0,1,0,0,0,0,0,0,0,0,0,0,0,0,0,0,0,0,0,0,0,0,0,0,0
Anarkian kuvajainen,Cucina Povera,11,1380,"['experimental ambient', 'scottish electronic', 'scottish indie']",21,2020-03-27,2020-04-01,1,0,0,0,0,0,0,0,0,0,0,0,1,0,0,0,0,0,0,0,0,0,0,0,0,0,0,0,0,0,0
Coreto,Céu,27,235861,"['baile pop', 'bossa nova', 'brazilian indie', 'mpb', 'nova mpb', 'samba']",56,2020-03-13,2020-04-01,1,1,0,0,0,0,0,0,0,0,0,0,0,0,0,0,0,0,0,0,0,0,0,0,0,0,0,0,0,0,0
I'll Be There,Dacey,23,229,[],13,2020-03-20,2020-04-01,1,0,0,0,0,0,0,0,0,0,0,0,1,0,0,0,0,0,0,0,0,0,0,0,0,0,0,0,0,0,0
LA SOLUZIONE É UNA,Dame Area,2,208,['minimal synth'],5,2020-03-27,2020-04-01,1,0,0,0,0,0,0,0,0,0,0,0,1,0,0,0,0,0,0,0,0,0,0,0,0,0,0,0,0,0,0
Levi High (feat. DaBaby),DaniLeigh,71,349598,"['alternative r&b', 'deep pop r&b', 'pop', 'pop rap', 'r&b', 'rap', 'rap latina']",71,2020-03-13,2020-04-01,1,0,0,0,0,0,0,0,0,0,0,0,0,0,0,0,0,0,0,0,0,0,0,0,0,0,0,0,0,1,0
Dayjob,Daniel Price,12,22,[],3,2020-03-18,2020-04-01,1,0,0,0,0,0,0,0,0,0,0,0,1,0,0,0,0,0,0,0,0,0,0,0,0,0,0,0,0,0,0
Juicy,Darkoo,67,12071,"['london rap', 'uk hip hop']",63,2020-03-05,2020-04-01,1,0,0,0,0,0,0,0,0,0,0,0,0,0,0,0,0,0,0,0,0,0,0,0,0,0,0,0,0,1,0
24,Dead Emerson,23,462,[],29,2020-03-17,2020-04-01,1,0,0,0,0,0,0,0,0,0,0,0,1,0,0,0,0,0,0,0,0,0,0,0,0,0,0,0,0,0,0
Cascades,Denai Moore,47,14325,['uk alternative pop'],42,2020-03-13,2020-04-01,1,0,0,0,0,0,0,0,0,0,0,0,0,0,0,1,0,0,0,0,0,0,0,0,0,0,0,0,0,0,0
Lottery,Dinah Jane,55,242823,"['pop', 'post-teen pop']",52,2020-03-13,2020-04-01,1,0,0,0,0,0,0,0,0,0,0,0,0,0,0,0,0,0,0,0,0,0,0,0,0,0,0,0,1,0,0
Someone Like You - Edit,Drumtap,41,27,[],27,2020-03-13,2020-04-01,1,0,0,0,0,0,0,0,0,0,0,0,0,0,0,0,0,0,0,0,0,0,0,0,1,0,0,0,0,0,0
Blame,Duchess,39,884,[],39,2020-03-27,2020-04-01,1,0,0,0,0,0,0,0,0,0,0,0,0,0,0,0,0,0,0,0,0,0,0,0,0,0,0,0,0,1,0
Chute,E L L E,10,155,[],5,2020-03-20,2020-04-01,1,0,0,0,0,0,0,0,0,0,0,0,1,0,0,0,0,0,0,0,0,0,0,0,0,0,0,0,0,0,0
My Friends Online,ELIO,50,316,[],36,2020-03-19,2020-04-01,1,0,0,0,0,0,0,0,0,0,0,0,0,0,0,0,0,0,0,0,0,0,0,0,0,0,1,0,0,0,0
The Weeknd,Ebenezer,31,12437,"['trap soul', 'uk hip hop']",56,2020-03-06,2020-04-01,1,0,0,0,0,0,0,0,0,0,0,0,0,0,0,0,0,1,0,0,0,0,0,0,0,0,0,0,0,0,0
High Folk,Bug Beach,8,19,[],5,2020-03-27,2020-04-01,1,0,0,0,0,0,0,0,0,0,0,0,1,0,0,0,0,0,0,0,0,0,0,0,0,0,0,0,0,0,0
Old Soul,Bruno Major,57,322886,"['indie r&b', 'pop']",69,2020-03-19,2020-04-01,1,0,0,0,0,0,0,0,0,0,0,0,0,0,0,0,0,1,0,0,0,0,0,0,0,0,0,0,0,0,0
2o2o,Lowwfy,15,14,[],6,2020-03-18,2020-04-01,1,0,0,0,0,0,0,0,0,0,1,0,0,0,0,0,0,0,0,0,0,0,0,0,0,0,0,0,0,0,0
You've Got To Change,Brownout,38,17690,"['afrobeat', 'bboy', 'funk', 'instrumental funk', 'latin afrobeat']",39,2020-03-06,2020-04-01,1,0,1,0,0,0,0,0,0,0,0,0,0,0,0,0,0,0,0,0,0,0,0,0,0,0,0,0,0,0,0
Rush,AMA,10,4539,[],37,2020-03-05,2020-04-01,1,0,0,0,0,0,0,0,0,0,0,0,0,0,0,0,0,0,0,0,0,0,0,0,0,0,0,0,0,1,0
Hour We On,AMA,16,4539,[],37,2020-03-05,2020-04-01,1,0,0,1,0,0,0,0,0,0,0,0,0,0,0,0,0,0,0,0,0,0,0,0,0,0,0,0,0,0,0
Oh Well,ARI,37,927,[],34,2020-03-27,2020-04-01,1,0,0,0,0,0,0,0,0,0,0,0,1,0,0,0,0,0,0,0,0,0,0,0,0,0,0,0,0,0,0
Talk To Me,AV Allure,39,556,[],26,2020-03-06,2020-04-01,1,0,0,0,0,0,0,0,0,0,0,0,0,0,0,0,0,1,0,0,0,0,0,0,0,0,0,0,0,0,0
ocean waves,Alaina Castillo,64,24615,['pop'],60,2020-03-06,2020-04-01,1,0,0,0,0,0,0,0,0,0,1,0,0,0,0,0,0,0,0,0,0,0,0,0,0,0,0,0,0,0,0
Del Mar,Alice Gray,41,1833,['indie electropop'],35,2020-03-27,2020-04-01,1,0,0,0,0,0,0,0,0,0,0,0,1,0,0,0,0,0,0,0,0,0,0,0,0,0,0,0,0,0,0
Bad Advice,All We Are,38,20013,['liverpool indie'],36,2020-03-03,2020-04-01,1,0,0,0,0,0,0,0,0,0,0,0,0,0,0,0,0,0,0,0,0,0,0,0,0,0,0,0,0,0,1
Not My Baby,Amadelle,29,1022,[],23,2020-03-18,2020-04-01,1,0,0,0,0,0,0,0,0,0,0,0,1,0,0,0,0,0,0,0,0,0,0,0,0,0,0,0,0,0,0
Alone in the Rain,Amilli,42,11245,['alternative r&b'],48,2020-03-27,2020-04-01,1,0,0,0,0,0,0,0,0,1,0,0,0,0,0,0,0,0,0,0,0,0,0,0,0,0,0,0,0,0,0
Chances,Anfa Rose,50,36591,"['deep underground hip hop', 'trap soul', 'underground hip hop']",54,2020-03-06,2020-04-01,1,0,0,0,0,0,0,0,0,0,0,0,0,0,0,0,1,0,0,0,0,0,0,0,0,0,0,0,0,0,0
In My Mind,Angela Muñoz,31,803,[],30,2020-03-25,2020-04-01,1,0,0,0,0,0,0,0,0,0,0,0,0,0,0,0,0,0,0,0,0,0,0,0,0,0,0,0,1,0,0
Sober,Aquilo,59,216748,"['indie anthem-folk', 'indie cafe pop', 'indie r&b', 'vapor soul']",62,2020-03-04,2020-04-01,1,0,0,0,0,0,0,0,0,1,0,0,0,0,0,0,0,0,0,0,0,0,0,0,0,0,0,0,0,0,0
BMO (feat. Doja Cat) - Remix,Ari Lennox,51,272128,"['alternative r&b', 'dmv rap', 'pop', 'r&b', 'urban contemporary']",70,2020-03-27,2020-04-01,1,0,0,0,0,0,0,0,1,0,0,0,0,0,0,0,0,0,0,0,0,0,0,0,0,0,0,0,0,0,0
ISSA ROBBERY,B La B,15,607,['atl trap'],29,2020-03-27,2020-04-01,1,0,0,0,0,0,0,0,0,0,0,0,1,0,0,0,0,0,0,0,0,0,0,0,0,0,0,0,0,0,0
Want2,B Young,60,181188,"['london rap', 'uk hip hop']",64,2020-03-19,2020-04-01,1,0,0,0,0,0,0,0,0,0,0,0,0,0,0,0,0,0,0,0,0,0,0,0,0,0,0,0,0,1,0
SCREEN,BENTLE,9,73,[],3,2020-03-20,2020-04-01,1,0,0,0,0,0,0,0,0,0,0,0,1,0,0,0,0,0,0,0,0,0,0,0,0,0,0,0,0,0,0
The People,BJ The Chicago Kid,48,284667,"['alternative r&b', 'chicago rap', 'deep pop r&b', 'hip hop', 'indie r&b', 'indie soul', 'neo soul', 'rap', 'southern hip hop', 'underground hip hop']",67,2020-03-06,2020-04-01,1,0,0,0,0,0,0,0,0,0,0,0,0,0,0,0,0,0,0,0,0,0,0,1,0,0,0,0,0,0,0
Hole,Babé Sila,45,936,['hungarian indie'],32,2020-03-20,2020-04-01,1,0,0,0,0,0,0,0,0,1,0,0,0,0,0,0,0,0,0,0,0,0,0,0,0,0,0,0,0,0,0
Two Trees,Ben L'Oncle Soul,45,198128,['neo soul'],56,2020-03-27,2020-04-01,1,0,0,0,0,0,0,0,0,0,0,0,0,0,0,0,0,0,0,0,0,0,0,1,0,0,0,0,0,0,0
Prayer,Bensbeendead.,36,593,[],30,2020-03-18,2020-04-01,1,0,0,0,0,0,0,0,0,0,0,0,1,0,0,0,0,0,0,0,0,0,0,0,0,0,0,0,0,0,0
Everyday,Bluestaeb,43,12550,"['chillhop', 'indie deutschrap', 'indie jazz', 'jazz boom bap']",50,2020-03-12,2020-04-01,1,0,0,0,0,0,0,0,0,1,0,0,0,0,0,0,0,0,0,0,0,0,0,0,0,0,0,0,0,0,0
Cold Shoulder,Boomchild,35,682,[],31,2020-03-27,2020-04-01,1,0,0,0,0,0,0,0,0,0,0,0,0,0,0,0,1,0,0,0,0,0,0,0,0,0,0,0,0,0,0
Girl U Could Be Down 4,Bored Lord,10,471,['transpop'],16,2020-03-23,2020-04-01,1,0,0,0,0,0,0,0,0,0,0,0,1,0,0,0,0,0,0,0,0,0,0,0,0,0,0,0,0,0,0
BALANCE,Brandon Banks,43,4602,"['alternative r&b', 'indie r&b', 'la pop', 'trap soul']",41,2020-03-03,2020-04-01,1,0,0,1,0,0,0,0,0,0,0,0,0,0,0,0,0,0,0,0,0,0,0,0,0,0,0,0,0,0,0
Shooting Star,Braxton Cook,39,24054,"['indie jazz', 'indie r&b', 'indie soul', 'neo r&b']",47,2020-03-27,2020-04-01,1,0,0,0,0,0,0,0,0,1,0,0,0,0,0,0,0,0,0,0,0,0,0,0,0,0,0,0,0,0,0
APESHIT,Bree Runway,55,11036,"['escape room', 'hyperpop', 'indie r&b']",46,2020-03-05,2020-04-01,1,0,0,0,0,0,0,0,0,0,0,0,0,0,0,0,0,0,0,0,0,0,0,0,0,0,0,0,0,1,0
Upon This Rock,Brownout,34,17690,"['afrobeat', 'bboy', 'funk', 'instrumental funk', 'latin afrobeat']",39,2020-03-06,2020-04-01,1,0,0,0,0,0,0,0,0,0,0,0,0,0,0,0,0,0,0,1,0,0,0,0,0,0,0,0,0,0,0
3am in London,Ebenezer,53,12437,"['trap soul', 'uk hip hop']",56,2020-03-06,2020-04-01,1,0,0,0,0,0,0,0,0,0,0,0,0,0,0,0,0,0,0,0,0,0,0,0,0,0,0,0,0,1,0
Gentle,Elah Hale,42,1443,[],35,2020-03-26,2020-04-01,1,0,0,1,0,0,0,0,0,0,0,0,0,0,0,0,0,0,0,0,0,0,0,0,0,0,0,0,0,0,0
Sinking,Elisa Imperilee,20,515,[],18,2020-03-27,2020-04-01,1,1,0,0,0,0,0,0,0,0,0,0,0,0,0,0,0,0,0,0,0,0,0,0,0,0,0,0,0,0,0
Pure Shores,Eliza Shaddad,32,7096,[],39,2020-03-07,2020-04-01,1,0,0,0,0,0,0,0,0,0,0,0,0,0,0,0,0,0,0,0,0,0,0,0,0,0,0,0,0,0,1
COMING DOWN,Jeshi,44,2581,['uk alternative hip hop'],42,2020-03-25,2020-04-01,1,0,0,0,0,0,0,0,0,0,0,0,0,0,0,1,0,0,0,0,0,0,0,0,0,0,0,0,0,0,0
COFFIN (feat. Eminem),Jessie Reyez,69,660371,"['canadian contemporary r&b', 'canadian pop', 'pop', 'post-teen pop']",78,2020-03-27,2020-04-01,1,0,0,0,0,0,0,0,0,0,0,0,0,0,0,0,0,0,0,0,0,0,0,0,0,0,0,0,1,0,0
Happiness Over Everything (H.O.E.) (feat. Future & Miguel),Jhené Aiko,72,3019249,"['alternative r&b', 'pop', 'r&b']",84,2020-03-06,2020-04-01,1,0,0,0,0,0,0,0,0,0,0,0,0,0,0,0,1,0,0,0,0,0,0,0,0,0,0,0,0,0,0
Man,JoJo,67,1543653,"['dance pop', 'hip pop', 'pop', 'pop rap', 'post-teen pop', 'r&b', 'urban contemporary']",66,2020-03-13,2020-04-01,1,0,0,0,0,0,0,0,0,0,0,0,0,0,0,0,0,0,0,0,0,0,0,0,0,0,0,0,1,0,0
Deep,Joey XL,18,634,['trap soul'],32,2020-03-15,2020-04-01,1,0,0,0,0,0,0,0,0,0,0,0,1,0,0,0,0,0,0,0,0,0,0,0,0,0,0,0,0,0,0
Crash Site (Demo),Johnny Lloyd,33,3976,['london indie'],29,2020-03-06,2020-04-01,1,0,0,0,0,0,0,0,0,0,0,0,0,0,0,0,0,0,0,0,0,0,0,0,0,0,0,0,0,0,1
Drive,Joseph Scott,26,222,[],24,2020-03-20,2020-04-01,1,0,0,0,0,0,0,0,0,0,0,0,0,0,0,0,1,0,0,0,0,0,0,0,0,0,0,0,0,0,0
Talk To Me,Kadeem Tyrell,22,2527,['uk contemporary r&b'],35,2020-03-27,2020-04-01,1,0,0,0,0,0,0,0,0,0,0,0,0,0,0,0,0,1,0,0,0,0,0,0,0,0,0,0,0,0,0
Gem,Kendra Dias,35,344,[],28,2020-03-13,2020-04-01,1,0,0,0,0,0,0,0,0,0,0,0,0,0,0,0,0,0,0,0,1,0,0,0,0,0,0,0,0,0,0
itkanbe[sonice],Knxwledge,42,95692,"['abstract beats', 'alternative hip hop', 'alternative r&b', 'indie soul', 'wonky']",63,2020-03-27,2020-04-01,1,0,0,0,0,0,0,0,0,1,0,0,0,0,0,0,0,0,0,0,0,0,0,0,0,0,0,0,0,0,0
Eternal Spring,Kotomi,25,1583,[],26,2020-03-20,2020-04-01,1,0,0,0,0,0,0,0,0,0,0,0,1,0,0,0,0,0,0,0,0,0,0,0,0,0,0,0,0,0,0
Bored,Kyra Mastro,25,217,[],46,2020-03-27,2020-04-01,1,0,0,0,0,0,0,0,0,0,0,0,1,0,0,0,0,0,0,0,0,0,0,0,0,0,0,0,0,0,0
new love,LEEPA,36,159,[],23,2020-03-20,2020-04-01,1,0,0,1,0,0,0,0,0,0,0,0,0,0,0,0,0,0,0,0,0,0,0,0,0,0,0,0,0,0,0
Expectations,LZee,45,1328,[],47,2020-03-11,2020-04-01,1,0,0,0,0,0,0,0,0,0,0,0,0,0,0,0,0,0,0,0,0,0,0,0,0,0,0,0,0,1,0
I'm a Millionaire,Lee Fields,33,22904,"['funk', 'southern soul']",49,2020-03-18,2020-04-01,1,0,0,0,0,0,0,0,0,0,0,0,0,0,0,0,0,0,0,1,0,0,0,0,0,0,0,0,0,0,0
Superstar,24hrs,56,129935,"['trap', 'trap soul', 'underground hip hop', 'vapor trap']",65,2020-03-27,2020-04-01,1,0,0,0,0,0,0,0,0,0,0,0,0,0,0,0,0,0,0,0,0,0,0,0,0,0,0,0,0,1,0
Without You,Lemongrass,32,22125,"['chill lounge', 'electronica', 'nu jazz', 'trip hop']",46,2020-03-13,2020-04-01,1,0,0,0,0,0,0,0,0,0,1,0,0,0,0,0,0,0,0,0,0,0,0,0,0,0,0,0,0,0,0
12345 (Get Real),Leven Kali,46,75186,"['alternative r&b', 'indie r&b', 'indie soul']",61,2020-03-06,2020-04-01,1,0,0,0,0,0,0,0,0,0,0,0,0,0,0,0,0,0,0,0,0,0,0,0,0,0,0,0,1,0,0
12345 (Get Real),Leven Kali,53,75186,"['alternative r&b', 'indie r&b', 'indie soul']",61,2020-03-06,2020-04-01,1,0,0,0,0,0,0,1,0,0,0,0,0,0,0,0,0,0,0,0,0,0,0,0,0,0,0,0,0,0,0
Fight,Liam Bailey,29,19692,['british soul'],52,2020-03-25,2020-04-01,1,0,0,0,0,0,0,0,0,0,0,0,0,0,0,0,0,0,0,1,0,0,0,0,0,0,0,0,0,0,0
Hold On,Little Dragon,48,494484,"['alternative dance', 'alternative r&b', 'art pop', 'chillwave', 'downtempo', 'electronica', 'electropop', 'escape room', 'gothenburg indie', 'indie soul', 'indietronica', 'new rave', 'swedish electropop', 'swedish synthpop', 'trip hop']",67,2020-03-04,2020-04-01,1,0,0,0,0,0,1,0,0,0,0,0,0,0,0,0,0,0,0,0,0,0,0,0,0,0,0,0,0,0,0
SOS,Local Zero,24,208,[],26,2020-03-23,2020-04-01,1,0,0,0,0,0,0,0,0,0,0,0,1,0,0,0,0,0,0,0,0,0,0,0,0,0,0,0,0,0,0
Whatever You Like (feat. Aida Lae),Loick Essien,53,6580,['uk hip hop'],42,2020-03-04,2020-04-01,1,0,0,0,0,0,0,0,0,0,0,0,0,0,0,0,0,0,0,0,0,0,0,0,0,0,0,0,0,1,0
Queen,Loren Oden,31,251,[],25,2020-03-04,2020-04-01,1,0,0,0,0,0,0,0,0,0,0,0,0,0,0,0,0,0,0,1,0,0,0,0,0,0,0,0,0,0,0
Pieces,Lorrèn,42,1163,[],30,2020-03-06,2020-04-01,1,0,0,0,0,0,0,0,0,0,0,0,0,0,0,0,0,0,0,0,0,0,0,1,0,0,0,0,0,0,0
+44,Lotto Boyzz,65,108380,"['birmingham hip hop', 'uk drill', 'uk hip hop']",59,2020-03-11,2020-04-01,1,0,0,0,0,0,0,0,0,0,0,0,0,0,0,0,0,0,0,0,0,0,0,0,0,0,0,0,0,1,0
Everyone Knows,Loviet,23,114,[],11,2020-03-27,2020-04-01,1,0,0,0,0,0,0,0,0,0,0,0,1,0,0,0,0,0,0,0,0,0,0,0,0,0,0,0,0,0,0
Changes - Single Edit,Jennie Lena,28,12114,['dutch pop'],37,2020-03-20,2020-04-01,1,0,0,0,0,0,0,0,0,0,0,0,0,0,0,0,0,0,0,0,0,0,0,1,0,0,0,0,0,0,0
Chemicals,Jeida Woods,34,648,[],28,2020-03-27,2020-04-01,1,0,0,0,0,0,0,0,0,0,0,0,0,0,0,0,1,0,0,0,0,0,0,0,0,0,0,0,0,0,0
The Blinding feat. Travis Scott,Jay Electronica,69,137202,"['alternative hip hop', 'conscious hip hop', 'hip hop', 'rap', 'southern hip hop', 'underground hip hop']",68,2020-03-13,2020-04-01,1,0,0,0,0,0,0,0,0,0,0,0,0,0,0,1,0,0,0,0,0,0,0,0,0,0,0,0,0,0,0
Repeat - Remix,Geko,46,129226,"['manchester hip hop', 'uk hip hop']",61,2020-03-26,2020-04-01,1,0,0,0,0,0,0,0,0,0,0,0,0,0,0,0,0,0,0,0,0,0,0,0,0,0,0,0,0,1,0
Rabbit Roads - Brika Remix,Elliot Moss,42,112663,[],52,2020-03-20,2020-04-01,1,1,0,0,0,0,0,0,0,0,0,0,0,0,0,0,0,0,0,0,0,0,0,0,0,0,0,0,0,0,0
Give Me Another Chance,Empress Of,56,74163,"['alternative r&b', 'art pop', 'chillwave', 'dance pop', 'electropop', 'escape room', 'etherpop', 'experimental pop', 'indie soul', 'indietronica', 'shimmer pop', 'shiver pop']",62,2020-03-03,2020-04-01,1,0,0,0,0,0,0,0,0,0,0,0,0,0,0,1,0,0,0,0,0,0,0,0,0,0,0,0,0,0,0
Wildflowers,FARR,11,7777,['alternative r&b'],42,2020-03-27,2020-04-01,1,0,0,0,0,0,0,0,0,0,0,0,0,0,0,0,0,1,0,0,0,0,0,0,0,0,0,0,0,0,0
Hypochondriac,Fenne Lily,53,53307,"['bristol indie', 'british singer-songwriter', 'chamber pop', 'indie anthem-folk', 'indie folk']",55,2020-03-10,2020-04-01,1,0,0,0,0,0,0,0,0,0,0,0,0,0,0,0,0,0,0,0,0,0,0,0,0,0,0,0,0,0,1
Backstage,Ferge X Fisherman,42,1006,[],30,2020-03-20,2020-04-01,1,0,0,0,0,0,0,0,0,1,0,0,0,0,0,0,0,0,0,0,0,0,0,0,0,0,0,0,0,0,0
The Difference,Flume,76,1976684,"['australian dance', 'australian electropop', 'australian indie', 'downtempo', 'edm']",77,2020-03-11,2020-04-01,1,0,0,0,0,0,0,0,0,0,0,0,0,0,0,1,0,0,0,0,0,0,0,0,0,0,0,0,0,0,0
AuraBlu,Flwr Chyld,34,1939,"['alternative r&b', 'indie r&b']",32,2020-03-27,2020-04-01,1,0,0,1,0,0,0,0,0,0,0,0,0,0,0,0,0,0,0,0,0,0,0,0,0,0,0,0,0,0,0
School,Four Tet,63,419203,"['alternative dance', 'electronica', 'folktronica', 'indie soul', 'indietronica', 'intelligent dance music', 'new rave']",69,2020-03-13,2020-04-01,1,0,0,0,0,0,0,0,0,0,0,0,0,0,0,1,0,0,0,0,0,0,0,0,0,0,0,0,0,0,0
Proud,Freak Slug,33,737,[],26,2020-03-23,2020-04-01,1,0,0,0,0,0,0,0,0,0,0,0,1,0,0,0,0,0,0,0,0,0,0,0,0,0,0,0,0,0,0
Getaway,Full Crate,39,15718,"['dutch pop', 'dutch r&b', 'indie r&b']",49,2020-03-25,2020-04-01,1,0,0,0,0,0,0,0,0,0,0,0,0,0,0,0,0,0,0,0,0,0,0,0,0,0,0,0,0,1,0
Vanguard,GRNVLD,2,23,[],1,2020-03-27,2020-04-01,1,0,0,0,0,0,0,0,0,0,0,0,1,0,0,0,0,0,0,0,0,0,0,0,0,0,0,0,0,0,0
Sativa,Gallowstreet,39,8488,['street band'],35,2020-03-05,2020-04-01,1,0,0,0,0,0,0,0,0,0,0,0,0,0,0,0,0,0,0,0,0,0,0,1,0,0,0,0,0,0,0
Out of My Life,Ghita,42,2662,[],35,2020-03-25,2020-04-01,1,0,0,0,0,0,0,0,0,0,0,0,1,0,0,0,0,0,0,0,0,0,0,0,0,0,0,0,0,0,0
The Neverending Story,Jay Electronica,64,137202,"['alternative hip hop', 'conscious hip hop', 'hip hop', 'rap', 'southern hip hop', 'underground hip hop']",68,2020-03-13,2020-04-01,1,0,0,0,0,0,0,0,0,0,0,0,0,0,0,1,0,0,0,0,0,0,0,0,0,0,0,0,0,0,0
FAVORITE MISTAKE,Giveon,14,18980,"['alternative r&b', 'indie r&b']",56,2020-03-27,2020-04-01,1,0,0,0,0,0,0,0,0,0,0,0,0,0,0,0,0,0,0,0,0,0,0,0,0,0,0,0,1,0,0
End Summer,Goth Babe,53,71448,"['indie garage rock', 'indie pop', 'modern rock', 'vapor soul']",60,2020-03-26,2020-04-01,1,0,0,0,0,0,0,0,0,0,0,0,0,0,0,1,0,0,0,0,0,0,0,0,0,0,0,0,0,0,0
Anxiety,Hailey Haus,13,34,[],3,2020-03-22,2020-04-01,1,0,0,0,0,0,0,0,0,0,0,0,1,0,0,0,0,0,0,0,0,0,0,0,0,0,0,0,0,0,0
Bel-Air,Happi,46,1410,['uk christian rap'],38,2020-03-20,2020-04-01,1,0,0,0,0,0,0,0,0,0,0,0,0,0,0,0,0,0,0,0,0,0,0,0,0,0,0,0,0,1,0
The Hard Way,IV Jay,43,12160,[],51,2020-03-27,2020-04-01,1,0,0,0,0,0,0,0,0,0,0,0,0,0,0,0,0,0,0,0,0,0,0,0,0,0,0,0,1,0,0
As You Are,Inkra Debelle,24,169,[],20,2020-03-11,2020-04-01,1,0,0,0,0,0,0,0,0,0,0,0,0,0,0,0,0,0,0,0,0,0,0,0,0,1,0,0,0,0,0
Future - Are We Living!?,J-Felix,34,889,[],25,2020-03-06,2020-04-01,1,0,1,0,0,0,0,0,0,0,0,0,0,0,0,0,0,0,0,0,0,0,0,0,0,0,0,0,0,0,0
Us in Major - Acoustic,JNR WILLIAMS,37,4897,['british soul'],40,2020-03-06,2020-04-01,1,0,0,0,0,0,0,0,0,0,0,0,0,0,0,0,0,1,0,0,0,0,0,0,0,0,0,0,0,0,0
Turn Me On,James Vickery,38,38898,"['alternative r&b', 'indie r&b', 'uk contemporary r&b']",52,2020-03-25,2020-04-01,1,0,0,0,0,0,0,0,0,0,0,0,0,0,0,0,0,1,0,0,0,0,0,0,0,0,0,0,0,0,0
Toronto - Remix,Jamie-Rose,34,917,[],35,2020-03-05,2020-04-01,1,0,0,0,0,0,0,0,0,0,0,0,0,0,0,0,1,0,0,0,0,0,0,0,0,0,0,0,0,0,0
Show Me Something,Jamie-Rose,38,917,[],35,2020-03-12,2020-04-01,1,0,0,0,0,0,0,0,0,0,0,0,0,0,0,0,1,0,0,0,0,0,0,0,0,0,0,0,0,0,0
Ain't Nobody,Janine,38,119415,"['alternative r&b', 'deep pop r&b', 'indie r&b', 'nz pop']",50,2020-03-27,2020-04-01,1,0,0,0,0,0,0,0,0,0,0,0,0,0,0,0,1,0,0,0,0,0,0,0,0,0,0,0,0,0,0
lone star,jackson lee morgan,33,72,[],19,2020-03-13,2020-04-01,1,0,0,0,0,0,0,0,0,0,0,0,0,0,0,0,0,0,0,0,0,0,0,0,0,0,1,0,0,0,0
