Track,Artist,Track Popularity,Followers,Genres,Artist Popularity,Release Date,Date,Total Playlists,100,A1 Hip-Hop,Afro Bashment,Alternative Hip Hop,Anti Pop,BAE,Beast Mode,Beats & Rhymes,Bedroom Jams,Cali Fire,Channel X,Clout Culture,Get Turnt,Grime Shutdown,Hip Hop Mix,Hip-Hop Central,Hip-Hop Favourites,Hip-Hop Mixtape,Hip-Hop Yoga,Hot Hip Hop,Hot Hits Australia,Hot Hits New Zealand,Hot Hits UK,Hot Rhythmic,Internet People,Locked In,"Love, Sex, & Water",Mellow Bars,Mind Right,Most Necessary,New Music Now,Off The Strength,Power Workout,R&B Right Now,Rap UK,Rap Workout,RapCaviar,Shisha Lounge,Signed XOXO,Singled Out,Spilled Ink,State of Mind,Swag!,The Newness,The Realest Down South,Top Hits Deutschland,Top Hits NL,Treino Hip-Hop,Urban Flavour,Who We Be,Workout Twerkout
After Hours,The Weeknd,90,19029417,"['canadian contemporary r&b', 'canadian pop', 'pop']",97,2020-02-19,2020-03-04,11,0,0,0,0,1,0,0,0,0,0,0,0,0,0,0,0,0,0,0,0,1,1,1,1,0,0,0,0,0,0,1,0,0,1,0,0,0,1,0,0,0,0,1,0,0,0,1,0,1,0,0
Someone Said,Swae Lee,71,582675,['trap'],87,2020-02-28,2020-03-04,10,0,0,0,0,0,0,0,1,0,0,0,0,1,0,0,1,0,1,0,0,0,0,0,0,0,0,0,0,0,0,1,0,0,0,0,0,1,1,0,1,0,0,0,0,1,0,0,0,1,0,0
That Way,Lil Uzi Vert,76,7905781,"['melodic rap', 'philly rap', 'pop rap', 'rap', 'trap']",91,2020-03-01,2020-03-04,9,0,1,0,0,0,0,0,1,0,0,0,0,0,0,0,1,0,0,0,0,0,0,0,1,1,0,0,0,0,0,0,0,0,0,0,0,1,0,1,1,0,1,0,0,0,0,0,0,0,0,0
Heatin Up (feat. Gunna),Lil Baby,78,3575324,"['atl hip hop', 'atl trap', 'rap', 'trap']",95,2020-02-28,2020-03-04,9,0,1,0,0,0,0,0,1,0,0,0,0,1,0,0,1,0,0,0,0,0,0,0,0,0,1,0,0,0,0,1,0,0,0,0,0,1,0,0,1,0,0,0,0,1,0,0,0,0,0,0
The Other Side (from Trolls World Tour),SZA,78,3132228,"['pop', 'pop rap', 'rap']",84,2020-02-26,2020-03-04,8,0,0,0,0,0,0,0,0,0,0,1,0,0,0,0,0,0,0,0,0,1,1,1,1,0,0,0,0,0,0,1,0,0,0,0,0,0,0,0,1,0,0,0,1,0,0,0,0,0,0,0
Happiness Over Everything (H.O.E.) (feat. Future & Miguel),Jhené Aiko,67,2889752,"['alternative r&b', 'pop', 'pop rap', 'r&b', 'urban contemporary']",83,2020-02-28,2020-03-04,8,0,0,0,0,0,1,0,0,0,0,1,0,0,0,0,0,0,0,0,0,0,0,0,0,0,0,1,0,0,0,1,0,0,1,0,0,0,0,1,1,0,0,0,1,0,0,0,0,0,0,0
YES! (feat. Rich The Kid & K CAMP),KYLE,72,844137,"['pop rap', 'rap']",77,2020-02-21,2020-03-04,7,0,0,0,0,0,0,0,1,0,0,0,0,0,0,0,1,0,0,0,0,0,0,0,0,1,0,0,0,0,1,1,0,0,0,0,0,0,0,1,0,0,0,0,0,0,0,0,0,1,0,0
100 Shots,NLE Choppa,67,1008785,['memphis hip hop'],85,2020-02-28,2020-03-04,7,0,0,0,0,0,0,0,0,0,0,0,0,1,0,0,1,0,0,0,0,0,0,0,0,0,0,0,0,0,1,1,1,0,0,0,0,1,0,0,0,0,0,0,0,1,0,0,0,0,0,0
Shimmy,Aminé,69,1168316,"['hip hop', 'pop', 'pop rap', 'portland hip hop', 'rap']",78,2020-02-26,2020-03-04,7,0,1,0,0,0,0,0,0,0,0,0,0,0,0,0,1,0,1,1,0,0,0,0,0,0,0,0,0,0,1,0,0,0,0,0,0,0,1,0,1,0,0,0,0,0,0,0,0,0,0,0
Bully Beef (feat. Fredo),Young T & Bugsey,65,130351,"['grime', 'uk drill', 'uk hip hop']",71,2020-02-20,2020-03-04,6,0,0,1,0,0,0,0,0,0,0,0,0,0,0,0,0,0,0,0,0,0,0,1,0,0,0,0,0,0,0,0,0,1,0,1,0,0,1,0,0,0,0,0,0,0,0,0,0,0,1,0
Stupid Love,Lady Gaga,85,10659165,"['dance pop', 'pop', 'post-teen pop']",89,2020-02-28,2020-03-04,6,0,0,0,0,0,0,0,0,0,0,0,0,0,0,0,0,0,0,0,0,1,1,1,0,0,0,0,0,0,0,1,0,0,0,0,0,0,0,0,1,0,0,0,0,0,1,0,0,0,0,0
Givenchy Kickin (feat. Lil Baby & Lil Tjay),Calboy,68,381886,"['chicago rap', 'melodic rap', 'rap', 'southern hip hop', 'trap']",75,2020-02-21,2020-03-04,6,0,0,0,0,0,0,0,0,0,0,0,0,1,0,0,1,0,0,0,0,0,0,0,0,0,0,0,0,0,1,1,1,0,0,0,0,1,0,0,0,0,0,0,0,0,0,0,0,0,0,0
Live Off My Closet (feat. Future),Lil Baby,76,3575324,"['atl hip hop', 'atl trap', 'rap', 'trap']",95,2020-02-28,2020-03-04,6,0,0,0,0,0,0,1,0,0,0,0,0,1,0,0,1,0,1,0,0,0,0,0,0,0,0,0,0,0,0,0,0,0,0,0,0,1,0,0,0,0,0,0,0,0,0,0,0,0,1,0
PTSD,G Herbo,72,800546,"['chicago drill', 'chicago rap', 'drill', 'hip hop', 'rap', 'southern hip hop', 'trap', 'vapor trap']",75,2020-02-28,2020-03-04,6,0,1,0,0,0,0,0,0,0,0,0,0,0,0,0,1,0,0,0,0,0,0,0,0,1,0,0,0,0,1,1,0,0,0,0,0,0,0,0,1,0,0,0,0,0,0,0,0,0,0,0
Can You Hear Me? (feat. T-Pain),Omarion,64,1642550,"['dance pop', 'deep pop r&b', 'hip pop', 'pop', 'r&b', 'rap', 'southern hip hop', 'urban contemporary']",69,2020-02-21,2020-03-04,5,0,0,0,0,0,0,0,0,0,0,1,0,0,0,0,0,0,0,0,0,0,0,0,0,0,0,0,0,0,0,1,0,0,1,0,0,0,0,1,0,0,0,0,1,0,0,0,0,0,0,0
Bye Felicia,Metro Marrs,41,72,[],31,2020-02-28,2020-03-04,4,0,0,0,0,0,1,0,0,0,0,0,0,0,0,0,0,0,0,0,0,0,0,0,0,0,0,1,0,0,1,0,0,0,0,0,0,0,0,0,0,0,0,0,0,1,0,0,0,0,0,0
Wake Up,Kash Doll,55,436216,"['deep pop r&b', 'detroit hip hop', 'hip pop', 'pop', 'pop rap', 'trap queen']",69,2020-02-28,2020-03-04,4,0,0,0,0,0,0,0,0,0,0,0,0,1,0,0,1,0,0,0,0,0,0,0,0,1,0,0,0,0,1,0,0,0,0,0,0,0,0,0,0,0,0,0,0,0,0,0,0,0,0,0
Look At That,Kid Ink,60,2372375,"['dance pop', 'hip hop', 'pop rap', 'rap', 'southern hip hop', 'trap']",77,2020-02-28,2020-03-04,4,0,0,0,0,0,0,0,0,0,1,0,0,1,0,0,1,0,0,0,0,0,0,0,0,0,0,0,0,0,0,0,0,0,0,0,0,0,0,1,0,0,0,0,0,0,0,0,0,0,0,0
NO TV,2 Chainz,62,5323230,"['atl hip hop', 'gangster rap', 'hip hop', 'pop rap', 'rap', 'southern hip hop', 'trap']",85,2020-02-28,2020-03-04,4,0,0,0,0,0,0,0,0,0,0,0,0,1,0,0,1,0,0,0,0,0,0,0,0,0,0,0,0,0,0,0,0,0,0,0,0,1,0,0,0,0,0,0,0,1,0,0,0,0,0,0
MICE,Aitch,66,293955,['manchester hip hop'],77,2020-02-19,2020-03-04,4,0,0,0,0,0,0,0,0,0,0,0,0,0,0,0,0,0,1,0,0,0,0,0,0,0,0,0,0,0,0,0,0,0,0,1,0,0,1,0,0,0,0,0,0,0,0,0,0,0,1,0
Rojo,J Balvin,80,18023113,"['latin', 'reggaeton']",99,2020-02-27,2020-03-04,3,0,0,0,0,0,0,0,0,0,0,0,0,0,0,0,0,0,0,0,0,0,0,0,1,0,0,0,0,0,0,1,0,0,0,0,0,0,0,0,1,0,0,0,0,0,0,0,0,0,0,0
Baby Girl,Bryce Vine,60,261503,"['pop', 'pop rap']",76,2020-02-28,2020-03-04,3,0,0,0,0,0,0,0,0,0,0,0,0,0,0,0,0,0,0,0,0,0,0,0,0,0,0,0,0,0,0,1,0,0,1,0,0,0,0,0,1,0,0,0,0,0,0,0,0,0,0,0
Odogwu,Burna Boy,58,369551,"['afro dancehall', 'dancehall', 'nigerian hip hop', 'nigerian pop']",84,2020-02-21,2020-03-04,3,0,0,1,0,0,0,0,0,0,0,0,0,0,0,0,0,0,0,0,0,0,0,0,0,0,0,0,0,0,0,0,0,0,0,0,0,0,1,0,0,0,0,0,0,0,0,0,0,0,1,0
Yo Slime,Fredo Bang,56,97947,"['baton rouge rap', 'deep southern trap', 'trap']",63,2020-02-21,2020-03-04,3,0,0,0,0,0,0,0,0,0,0,0,0,0,0,0,0,0,0,0,0,0,0,0,0,0,0,0,0,0,1,0,1,0,0,0,0,0,0,0,0,0,0,0,0,1,0,0,0,0,0,0
Keep It In The Streets,Yella Beezy,58,562125,"['dfw rap', 'rap', 'southern hip hop', 'trap']",68,2020-02-21,2020-03-04,3,0,0,0,0,0,0,0,0,0,0,0,0,0,0,0,0,0,0,0,0,0,0,0,0,0,0,0,0,0,1,0,1,0,0,0,0,0,0,0,0,0,0,0,0,1,0,0,0,0,0,0
Open House (feat. Quavo),Street Bud,60,5180,[],52,2020-02-19,2020-03-04,3,0,0,0,0,0,0,0,0,0,0,0,0,0,0,0,0,0,0,0,1,0,0,0,0,0,0,0,0,0,1,0,0,0,0,0,0,0,0,0,0,0,0,0,0,1,0,0,0,0,0,0
Your Love (Déjà Vu),Glass Animals,72,1071215,"['gauze pop', 'indie pop', 'modern rock', 'shiver pop']",75,2020-02-19,2020-03-04,3,0,0,0,0,1,0,0,0,0,0,0,0,0,0,0,0,0,0,0,0,0,0,0,0,0,0,0,0,0,0,1,0,0,0,0,0,0,0,0,0,0,0,1,0,0,0,0,0,0,0,0
Feel Me,Selena Gomez,84,19642996,"['dance pop', 'pop', 'post-teen pop']",92,2020-02-21,2020-03-04,3,0,0,0,0,0,0,0,0,0,0,0,0,0,0,0,0,0,0,0,0,1,0,0,0,0,0,0,0,0,0,1,0,0,0,0,0,0,0,0,0,0,0,0,0,0,1,0,0,0,0,0
Haze,Jesse James Solomon,48,11307,['uk alternative hip hop'],53,2020-02-21,2020-03-04,3,0,0,0,0,0,0,0,0,0,0,0,0,0,0,0,0,0,0,0,0,0,0,0,0,0,0,0,0,0,0,0,0,0,0,1,0,0,1,0,0,0,0,0,0,0,0,0,0,0,1,0
Wiggle It,Don EE,46,10170,['uk hip hop'],43,2020-02-21,2020-03-04,3,0,0,1,0,0,0,0,0,0,0,0,0,0,0,0,0,0,0,0,0,0,0,0,0,0,0,0,0,0,0,0,0,0,0,1,0,0,0,0,0,0,0,0,0,0,0,0,0,0,1,0
Primetime,DJ ESCO,52,231477,"['atl hip hop', 'rap', 'southern hip hop', 'trap']",56,2020-02-28,2020-03-04,3,0,0,0,0,0,0,0,0,0,0,0,0,1,0,0,0,0,0,0,0,0,0,0,0,0,0,0,0,0,1,0,0,0,0,0,0,0,0,0,0,0,0,0,0,1,0,0,0,0,0,0
Hit The Block (with Pa Salieu),SL,55,110040,"['uk alternative hip hop', 'uk hip hop']",67,2020-02-27,2020-03-04,3,0,0,0,0,0,0,0,0,0,0,0,0,0,0,0,0,0,0,0,0,0,0,0,0,0,0,0,0,0,0,0,0,0,0,1,0,0,1,0,0,0,0,0,0,0,0,0,0,0,1,0
Shooter,G Herbo,59,800546,"['chicago drill', 'chicago rap', 'drill', 'hip hop', 'rap', 'southern hip hop', 'trap', 'vapor trap']",75,2020-02-21,2020-03-04,3,0,0,0,0,0,1,0,0,0,0,0,0,0,0,0,0,0,0,0,0,0,0,0,0,0,0,1,0,0,0,0,0,0,0,0,0,0,0,1,0,0,0,0,0,0,0,0,0,0,0,0
The Way,Trippie Redd,72,4272681,"['melodic rap', 'rap', 'trap']",92,2020-02-19,2020-03-04,3,0,0,0,0,0,0,0,0,0,0,0,0,0,0,0,0,0,0,0,1,0,0,0,1,0,0,0,0,0,0,0,0,0,0,0,0,0,0,1,0,0,0,0,0,0,0,0,0,0,0,0
Make A Sale (with Moneybagg Yo),Blacc Zacc,57,16375,['trap'],52,2020-02-21,2020-03-04,3,0,0,0,0,0,0,0,0,0,0,0,0,0,0,0,0,0,0,0,0,0,0,0,0,0,0,0,0,0,1,0,1,0,0,0,0,0,0,0,0,0,0,0,0,1,0,0,0,0,0,0
Blue Cheese Salad,Young Nudy,59,360613,"['rap', 'southern hip hop', 'trap', 'underground hip hop', 'vapor trap']",74,2020-02-24,2020-03-04,3,0,0,0,0,0,0,0,0,0,0,0,0,0,0,0,0,0,0,0,0,0,0,0,0,0,0,0,0,0,1,0,0,0,0,0,0,0,0,0,0,1,0,0,0,1,0,0,0,0,0,0
Duppy,Big Zuu,48,22310,"['grime', 'uk alternative hip hop', 'uk drill', 'uk hip hop']",53,2020-02-21,2020-03-04,3,0,0,0,0,0,0,0,0,0,0,0,0,0,1,0,0,0,0,0,0,0,0,0,0,0,0,0,0,0,0,0,0,0,0,1,0,0,1,0,0,0,0,0,0,0,0,0,0,0,0,0
17,Pink Sweat$,66,239278,"['alternative r&b', 'bedroom soul', 'indie r&b', 'pop']",74,2020-02-28,2020-03-04,3,0,0,0,0,0,0,0,0,0,0,0,0,0,0,0,0,0,0,0,0,0,0,0,0,0,0,0,0,0,0,1,0,0,0,0,0,0,0,0,1,0,0,0,1,0,0,0,0,0,0,0
Metal Wings,Kenny Mason,44,11368,[],52,2020-02-26,2020-03-04,3,0,0,0,1,1,0,0,0,0,0,0,0,0,0,0,0,0,0,0,0,0,0,0,0,0,0,0,0,0,1,0,0,0,0,0,0,0,0,0,0,0,0,0,0,0,0,0,0,0,0,0
Why feat. Jacquees,Angelica Vila,51,2734,['nyc pop'],43,2020-02-21,2020-03-04,3,0,0,0,0,0,0,0,0,1,0,0,0,0,0,0,0,0,0,0,0,0,0,0,0,0,0,0,0,0,0,0,0,0,1,0,0,0,0,0,0,0,0,0,1,0,0,0,0,0,0,0
Big Drippa,2rare,45,982,[],34,2020-02-28,2020-03-04,3,0,0,0,0,0,0,0,0,0,0,0,0,1,0,0,0,0,0,0,0,0,0,0,0,0,0,0,0,0,1,0,0,0,0,0,0,0,0,0,0,0,1,0,0,0,0,0,0,0,0,0
SPLIT DECISION,PARTYNEXTDOOR,65,2181674,"['hip hop', 'pop', 'pop rap', 'rap', 'toronto rap', 'trap', 'urban contemporary']",81,2020-02-28,2020-03-04,3,0,0,0,0,0,0,0,0,0,0,0,0,0,0,0,0,0,0,0,0,0,0,0,0,0,0,0,0,0,0,1,0,0,1,0,0,0,0,0,1,0,0,0,0,0,0,0,0,0,0,0
Justine,Bah Khrist,45,478,[],37,2020-02-21,2020-03-04,3,0,0,0,1,0,0,0,0,0,0,0,1,0,0,0,0,0,0,0,0,0,0,0,0,0,0,0,0,0,0,0,0,0,0,0,0,0,0,0,0,0,1,0,0,0,0,0,0,0,0,0
Take It Easy,Surfaces,66,248083,"['bedroom soul', 'pop']",83,2020-02-28,2020-03-04,2,0,0,0,0,0,0,0,0,0,0,0,0,0,0,0,0,0,0,0,0,0,0,0,0,0,0,0,0,0,0,1,0,0,0,0,0,0,0,0,1,0,0,0,0,0,0,0,0,0,0,0
Drown (feat. Clinton Kane),Martin Garrix,73,12792782,"['big room', 'edm', 'pop', 'progressive house', 'tropical house']",86,2020-02-27,2020-03-04,2,0,0,0,0,0,0,0,0,0,0,0,0,0,0,0,0,0,0,0,0,0,0,0,0,0,0,0,0,0,0,1,0,0,0,0,0,0,0,0,1,0,0,0,0,0,0,0,0,0,0,0
Home Run,Nafe Smallz,52,91266,"['trap soul', 'uk drill', 'uk hip hop']",70,2020-02-28,2020-03-04,2,0,0,0,0,0,0,0,0,0,0,0,0,0,0,0,0,0,0,0,0,0,0,0,0,0,0,0,0,0,0,0,0,0,0,1,0,0,0,0,0,0,0,0,0,0,0,0,0,0,1,0
Anger,Shaybo,40,1364,[],35,2020-02-25,2020-03-04,2,0,0,0,0,0,0,0,0,0,0,0,0,0,0,0,0,0,0,0,0,0,0,0,0,0,0,0,0,0,0,0,0,0,0,1,0,0,0,0,0,0,0,0,0,0,0,0,0,0,1,0
Boyfriend,Mabel,70,621854,"['dance pop', 'pop', 'post-teen pop', 'tropical house', 'uk pop']",81,2020-02-26,2020-03-04,2,0,0,0,0,0,0,0,0,0,0,0,0,0,0,0,0,0,0,0,0,0,0,1,0,0,0,0,0,0,0,0,0,0,0,0,0,0,0,0,1,0,0,0,0,0,0,0,0,0,0,0
Belong with Me,Gold Up,39,91,[],30,2020-02-28,2020-03-04,2,0,0,1,0,0,0,0,0,0,0,0,0,0,0,0,0,0,0,0,0,0,0,0,0,0,0,0,0,0,0,0,0,0,0,0,0,0,0,0,0,0,0,0,0,0,0,0,0,0,1,0
Where Am I At,MAX,57,401535,"['dance pop', 'indie poptimism', 'pop', 'pop rap', 'post-teen pop', 'viral pop']",77,2020-02-28,2020-03-04,2,0,0,0,0,0,0,0,0,0,0,0,0,0,0,0,0,0,0,0,0,0,0,0,0,0,0,0,0,0,0,1,0,0,0,0,0,0,0,0,1,0,0,0,0,0,0,0,0,0,0,0
Love Is A Gamble (feat. Kida Kudz),Sneakbo,55,84238,"['grime', 'london rap', 'uk hip hop']",60,2020-02-20,2020-03-04,2,0,0,0,0,0,0,0,0,0,0,0,0,0,0,0,0,0,0,0,0,0,0,0,0,0,0,0,0,0,0,0,0,0,0,1,0,0,1,0,0,0,0,0,0,0,0,0,0,0,0,0
BX19,M1llionz,49,2771,['uk hip hop'],53,2020-02-28,2020-03-04,2,0,0,0,0,0,0,0,0,0,0,0,0,0,0,0,0,0,0,0,0,0,0,0,0,0,0,0,0,0,0,0,0,0,0,1,0,0,0,0,0,0,0,0,0,0,0,0,0,0,1,0
Hot Head,N7,41,3614,[],48,2020-02-27,2020-03-04,2,0,0,0,0,0,0,0,0,0,0,0,1,0,0,0,0,0,0,0,0,0,0,0,0,0,0,0,0,0,0,0,1,0,0,0,0,0,0,0,0,0,0,0,0,0,0,0,0,0,0,0
Praying For My Soul,Smoke Dza,46,140843,"['alternative hip hop', 'boom bap', 'harlem hip hop', 'hip hop', 'rap', 'southern hip hop', 'trap', 'underground hip hop']",58,2020-02-28,2020-03-04,2,0,0,0,0,0,0,0,0,0,0,0,0,0,0,0,0,0,0,0,0,0,0,0,0,0,0,0,0,0,0,0,0,0,0,0,0,0,0,1,0,0,1,0,0,0,0,0,0,0,0,0
Nights Like This,Loud Luxury,59,267379,"['dance pop', 'edm', 'electro house', 'house', 'pop', 'tropical house']",78,2020-02-28,2020-03-04,2,0,0,0,0,0,0,0,0,0,0,0,0,0,0,0,0,0,0,0,0,0,0,0,0,0,0,0,0,0,0,1,0,0,0,0,0,0,0,0,1,0,0,0,0,0,0,0,0,0,0,0
Pinky Ring (feat. O.T. Genasis),Ne-Yo,58,5103683,"['dance pop', 'pop', 'pop rap', 'r&b', 'urban contemporary']",82,2020-02-21,2020-03-04,2,0,0,0,0,0,0,0,0,0,0,1,0,0,0,0,0,0,0,0,0,0,0,0,0,0,0,0,0,0,0,0,0,0,0,0,0,0,0,0,0,0,0,0,1,0,0,0,0,0,0,0
Time + Patience,Shay D,40,888,[],30,2020-02-21,2020-03-04,2,0,0,0,0,0,0,0,0,0,0,0,0,0,1,0,0,0,0,0,0,0,0,0,0,0,0,0,0,0,0,0,0,0,0,1,0,0,0,0,0,0,0,0,0,0,0,0,0,0,0,0
G5 (performed by Lil Keed & Lil Gotit),Lil Keed,50,318899,"['melodic rap', 'rap', 'southern hip hop', 'trap', 'vapor trap']",73,2020-02-28,2020-03-04,2,0,0,0,0,0,0,0,0,0,0,0,1,0,0,0,0,0,0,0,0,0,0,0,0,0,0,0,0,0,0,0,0,0,0,0,0,0,0,0,0,0,0,0,0,1,0,0,0,0,0,0
Too Late,Nito NB,47,28032,"['uk drill', 'uk hip hop']",54,2020-02-28,2020-03-04,2,0,0,0,0,0,0,0,0,0,0,0,0,0,0,0,0,0,0,0,0,0,0,0,0,0,0,0,0,0,0,0,0,0,0,1,0,0,0,0,0,0,0,0,0,0,0,0,0,0,1,0
Still the Same (feat. Boy In Space),SHY Martin,61,123264,"['dance pop', 'electropop', 'indie poptimism', 'norwegian pop', 'pop', 'post-teen pop', 'swedish electropop', 'tropical house']",73,2020-02-28,2020-03-04,2,0,0,0,0,0,0,0,0,0,0,0,0,0,0,0,0,0,0,0,0,0,0,0,0,0,0,0,0,0,0,1,0,0,0,0,0,0,0,0,1,0,0,0,0,0,0,0,0,0,0,0
Free Melly (feat. Polo G),Lil Gotit,55,151561,"['atl trap', 'rap', 'southern hip hop', 'trap', 'vapor trap']",65,2020-02-21,2020-03-04,2,0,0,0,0,0,0,0,0,0,0,0,0,0,0,0,0,0,0,0,0,0,0,0,0,0,0,0,0,0,1,0,1,0,0,0,0,0,0,0,0,0,0,0,0,0,0,0,0,0,0,0
Swerve,Jelani Blackman,41,6101,['london rap'],40,2020-02-27,2020-03-04,2,0,0,0,0,0,0,0,0,0,0,0,0,0,0,0,0,0,0,0,0,0,0,0,0,0,0,0,0,0,0,0,0,0,0,1,0,0,0,0,0,0,0,0,0,0,0,0,0,0,1,0
not ur friend,Jeremy Zucker,70,702141,['pop'],84,2020-02-28,2020-03-04,2,0,0,0,0,0,0,0,0,0,0,0,0,0,0,0,0,0,0,0,0,0,0,0,0,0,0,0,0,0,0,1,0,0,0,0,0,0,0,0,1,0,0,0,0,0,0,0,0,0,0,0
Let Up,OMB Peezy,49,229678,"['alabama rap', 'baton rouge rap', 'cali rap', 'deep southern trap', 'trap']",59,2020-02-21,2020-03-04,2,0,0,0,0,0,0,0,0,0,0,0,0,0,0,0,0,0,0,0,0,0,0,0,0,0,0,0,0,0,1,0,0,0,0,0,0,0,0,0,0,0,0,0,0,1,0,0,0,0,0,0
Mistakes,Jonas Blue,65,2628282,"['dance pop', 'edm', 'pop', 'tropical house', 'uk dance']",84,2020-02-28,2020-03-04,2,0,0,0,0,0,0,0,0,0,0,0,0,0,0,0,0,0,0,0,0,0,0,0,0,0,0,0,0,0,0,1,0,0,0,0,0,0,0,0,1,0,0,0,0,0,0,0,0,0,0,0
Beamer (Bad Boys),Rema,59,34604,['nigerian pop'],63,2020-02-20,2020-03-04,2,0,0,1,0,0,0,0,0,0,0,0,0,0,0,0,0,0,0,0,0,0,0,0,0,0,0,0,0,0,0,0,0,0,0,0,0,0,0,0,0,0,0,0,0,0,0,0,0,0,1,0
Smooth Criminal,Poundz,62,45073,['uk hip hop'],62,2020-02-20,2020-03-04,2,0,0,0,0,0,0,0,0,0,0,0,0,0,0,0,0,0,0,0,0,0,0,0,0,0,0,0,0,0,0,0,0,0,0,1,0,0,0,0,0,0,0,0,0,0,0,0,0,0,1,0
I Like Him,Princess Nokia,50,264127,"['escape room', 'lgbtq+ hip hop', 'trap queen']",64,2020-02-26,2020-03-04,2,0,0,0,0,0,0,0,0,0,0,0,0,0,0,0,0,0,0,0,0,0,0,0,0,0,0,0,0,0,1,0,0,0,0,0,0,0,0,0,0,0,1,0,0,0,0,0,0,0,0,0
Rascal,RMR,45,4142,[],45,2020-02-26,2020-03-04,2,0,0,0,0,0,0,0,0,0,0,0,1,0,0,0,0,0,0,0,0,0,0,0,0,1,0,0,0,0,0,0,0,0,0,0,0,0,0,0,0,0,0,0,0,0,0,0,0,0,0,0
Same Thing,Lil Baby,70,3575324,"['atl hip hop', 'atl trap', 'rap', 'trap']",95,2020-02-28,2020-03-04,2,0,0,0,0,0,1,0,0,0,0,0,0,0,0,0,0,0,0,0,0,0,0,0,0,0,0,1,0,0,0,0,0,0,0,0,0,0,0,0,0,0,0,0,0,0,0,0,0,0,0,0
HEARTBREAK ANNIVERSARY,Giveon,53,8034,[],52,2020-02-21,2020-03-04,2,0,0,0,0,0,0,0,0,1,0,0,0,0,0,0,0,0,0,0,0,0,0,0,0,0,0,0,0,0,0,0,0,0,0,0,0,0,0,0,0,0,0,0,1,0,0,0,0,0,0,0
Jolene,BenjiFlow,39,4282,[],42,2020-02-27,2020-03-04,2,0,0,1,0,0,0,0,0,0,0,0,0,0,0,0,0,0,0,0,0,0,0,0,0,0,0,0,0,0,0,0,0,0,0,0,0,0,0,0,0,0,0,0,0,0,0,0,0,0,1,0
Rich Rich,Ufo361,77,1294523,"['german cloud rap', 'german hip hop']",82,2020-02-21,2020-03-04,2,0,0,0,0,0,0,0,0,0,0,0,0,0,0,0,0,0,0,0,0,0,0,0,0,0,0,0,0,0,0,0,0,0,0,0,0,0,0,0,0,0,0,1,0,0,1,0,0,0,0,0
Red Eye,YoungBoy Never Broke Again,75,4207044,"['baton rouge rap', 'trap']",90,2020-02-21,2020-03-04,2,0,0,0,0,0,0,0,0,0,0,0,0,0,0,0,0,0,0,0,1,0,0,0,0,0,0,0,0,0,0,0,0,0,0,0,0,1,0,0,0,0,0,0,0,0,0,0,0,0,0,0
ON (Feat. Sia),BTS,85,16875649,"['k-pop', 'k-pop boy group']",97,2020-02-21,2020-03-04,2,0,0,0,0,0,0,0,0,0,0,0,0,0,0,0,0,0,0,0,0,0,0,1,0,0,0,0,0,0,0,0,0,0,0,0,0,0,0,0,0,0,0,1,0,0,0,0,0,0,0,0
Confidant,BabyJake,54,7540,[],58,2020-02-28,2020-03-04,2,0,0,0,0,1,0,0,0,0,0,0,0,0,0,0,0,0,0,0,0,0,0,0,0,0,0,0,0,0,0,0,0,0,0,0,0,0,0,0,1,0,0,0,0,0,0,0,0,0,0,0
Da Zoo,Berna,51,12286,"['uk alternative hip hop', 'uk hip hop']",51,2020-02-21,2020-03-04,2,0,0,0,0,0,0,0,0,0,0,0,0,0,0,0,0,0,0,0,0,0,0,0,0,0,0,0,0,0,0,0,0,0,0,1,0,0,0,0,0,0,0,0,0,0,0,0,0,0,1,0
Stepped In (feat. Geko),Big Tobz,50,45438,['uk hip hop'],53,2020-02-21,2020-03-04,2,0,0,0,0,0,0,0,0,0,0,0,0,0,0,0,0,0,0,0,0,0,0,0,0,0,0,0,0,0,0,0,0,0,0,1,0,0,0,0,0,0,0,0,0,0,0,0,0,0,1,0
INDUSTRY GAMES,CHIKA,55,19314,[],50,2020-02-18,2020-03-04,2,0,0,0,0,0,0,0,0,0,0,0,0,0,0,0,0,0,0,0,0,0,0,0,0,0,0,0,0,0,1,0,0,0,0,0,0,0,0,0,0,0,0,0,0,1,0,0,0,0,0,0
Blake Griffin,Yung Mal,47,35454,"['atl trap', 'trap', 'vapor trap']",53,2020-02-27,2020-03-04,2,0,0,0,0,0,0,0,0,0,0,0,0,1,0,0,0,0,0,0,0,0,0,0,0,0,0,0,0,0,0,0,0,0,0,0,0,0,0,0,0,0,0,0,0,1,0,0,0,0,0,0
u know it's real,Ant Saunders,58,39832,['pop'],75,2020-02-28,2020-03-04,2,0,0,0,0,0,0,0,0,0,0,0,0,0,0,0,0,0,0,0,0,0,0,0,0,0,0,0,0,0,0,0,0,0,1,0,0,0,0,0,1,0,0,0,0,0,0,0,0,0,0,0
Aladdin,Ant Clemons,51,6329,['alternative r&b'],65,2020-02-28,2020-03-04,2,0,0,0,0,0,0,0,0,0,0,1,0,0,0,0,0,0,0,0,0,0,0,0,0,0,0,0,0,0,0,0,0,0,0,0,0,0,0,0,0,0,0,0,0,0,0,0,0,1,0,0
One Time (feat. Davey),Day1,45,2466,['aussie drill'],56,2020-02-19,2020-03-04,2,0,1,0,0,0,0,0,0,0,0,0,0,0,0,0,0,0,0,0,0,0,0,0,0,0,0,0,0,0,0,0,0,0,0,0,0,0,0,0,0,0,0,0,0,0,0,0,0,1,0,0
Cruel Intentions,Delacey,68,18696,[],60,2020-02-28,2020-03-04,2,0,0,0,0,0,0,0,0,0,0,0,0,0,0,0,0,0,0,0,0,0,0,0,0,0,0,0,0,0,0,1,0,0,0,0,0,0,0,0,1,0,0,0,0,0,0,0,0,0,0,0
Medusa,Delly,41,1024,[],45,2020-02-27,2020-03-04,2,0,0,0,0,0,0,0,0,0,0,0,0,0,0,0,0,0,0,0,0,0,0,0,0,0,0,0,0,0,1,0,0,0,0,0,0,0,0,0,0,0,1,0,0,0,0,0,0,0,0,0
"Wicked Game - Recorded at Electric Lady Studios, NYC (feat. Chris Isaak)",Céline Dion,58,3413380,"['canadian pop', 'dance pop']",80,2020-02-26,2020-03-04,2,0,0,0,0,0,0,0,0,0,0,0,0,0,0,0,0,0,0,0,0,0,0,0,0,0,0,0,0,0,0,1,0,0,0,0,0,0,0,0,1,0,0,0,0,0,0,0,0,0,0,0
Unload (feat. Lil Migo),Action Pack,31,7461,['memphis hip hop'],46,2020-02-28,2020-03-04,2,0,0,0,0,0,0,0,0,0,0,0,0,0,0,0,0,0,0,0,0,0,0,0,0,0,0,0,0,0,0,0,1,0,0,0,0,0,0,0,0,0,0,0,0,1,0,0,0,0,0,0
Ramona Flowers,haroinfather,56,135116,['emo rap'],73,2020-02-20,2020-03-04,2,0,0,0,0,0,0,0,0,0,0,0,0,0,0,0,0,0,0,0,0,0,0,0,0,1,0,0,0,0,1,0,0,0,0,0,0,0,0,0,0,0,0,0,0,0,0,0,0,0,0,0
FAXTS,2KBABY,54,20830,[],61,2020-02-28,2020-03-04,2,0,0,0,0,0,0,0,0,0,0,0,0,0,0,0,0,0,0,0,0,0,0,0,0,0,0,0,0,0,1,0,0,0,0,0,0,0,0,0,0,0,0,0,0,1,0,0,0,0,0,0
uh huh,ilham,45,24640,['indie r&b'],49,2020-02-28,2020-03-04,2,0,0,0,0,0,0,0,0,0,0,0,0,0,0,0,1,0,0,0,0,0,0,0,0,0,0,0,0,0,0,0,0,0,0,0,0,0,1,0,0,0,0,0,0,0,0,0,0,0,0,0
The Way,Trippie Redd,64,4272681,"['melodic rap', 'rap', 'trap']",92,2020-02-21,2020-03-04,2,0,0,0,0,0,0,0,0,0,0,0,0,0,0,0,1,0,0,0,0,0,0,0,0,0,0,0,0,0,0,1,0,0,0,0,0,0,0,0,0,0,0,0,0,0,0,0,0,0,0,0
H2O,Frosty,51,5521,['uk hip hop'],53,2020-02-27,2020-03-04,2,0,0,0,0,0,0,0,0,0,0,0,0,0,0,0,0,0,0,0,0,0,0,0,0,0,0,0,0,0,0,0,0,0,0,1,0,0,0,0,0,0,0,0,0,0,0,0,0,0,1,0
TTRP (Taking The Right Piss),Tommy B,46,872,[],42,2020-02-21,2020-03-04,2,0,0,0,0,0,0,0,0,0,0,0,0,0,1,0,0,0,0,0,0,0,0,0,0,0,0,0,0,0,0,0,0,0,0,1,0,0,0,0,0,0,0,0,0,0,0,0,0,0,0,0
Old Me,5 Seconds of Summer,80,5819841,"['boy band', 'dance pop', 'pop', 'post-teen pop']",87,2020-02-21,2020-03-04,2,0,0,0,0,0,0,0,0,0,0,0,0,0,0,0,0,0,0,0,0,1,0,0,0,0,0,0,0,0,0,1,0,0,0,0,0,0,0,0,0,0,0,0,0,0,0,0,0,0,0,0
RR,Tm88,50,34033,['atl trap'],58,2020-02-28,2020-03-04,2,0,0,0,0,0,0,0,0,0,0,0,0,1,0,0,1,0,0,0,0,0,0,0,0,0,0,0,0,0,0,0,0,0,0,0,0,0,0,0,0,0,0,0,0,0,0,0,0,0,0,0
Boylife in EU,Yung Lean,57,408973,"['dark trap', 'emo rap', 'underground hip hop']",67,2020-02-26,2020-03-04,1,0,0,0,0,1,0,0,0,0,0,0,0,0,0,0,0,0,0,0,0,0,0,0,0,0,0,0,0,0,0,0,0,0,0,0,0,0,0,0,0,0,0,0,0,0,0,0,0,0,0,0
Sad World,noelle,40,144,[],31,2020-02-21,2020-03-04,1,0,0,0,0,0,0,0,0,0,0,0,0,0,0,0,0,0,0,0,0,0,0,0,0,0,0,0,0,0,0,1,0,0,0,0,0,0,0,0,0,0,0,0,0,0,0,0,0,0,0,0
Switched Up,Oliver Malcolm,62,992,[],51,2020-02-20,2020-03-04,1,0,0,0,0,1,0,0,0,0,0,0,0,0,0,0,0,0,0,0,0,0,0,0,0,0,0,0,0,0,0,0,0,0,0,0,0,0,0,0,0,0,0,0,0,0,0,0,0,0,0,0
Love Is Poison,Ollie,48,60786,"['deep underground hip hop', 'emo rap', 'indie pop rap', 'pop rap']",61,2020-02-20,2020-03-04,1,0,0,0,0,0,0,0,0,0,0,0,0,0,0,0,0,0,0,0,0,0,0,0,0,0,0,0,0,0,0,1,0,0,0,0,0,0,0,0,0,0,0,0,0,0,0,0,0,0,0,0
Mhmm,Naod,39,9284,"['swedish hip hop', 'swedish urban']",57,2020-02-28,2020-03-04,1,1,0,0,0,0,0,0,0,0,0,0,0,0,0,0,0,0,0,0,0,0,0,0,0,0,0,0,0,0,0,0,0,0,0,0,0,0,0,0,0,0,0,0,0,0,0,0,0,0,0,0
Wrist,NGHTMRE,58,351450,"['bass trap', 'brostep', 'edm', 'electro house', 'electronic trap']",71,2020-02-21,2020-03-04,1,0,0,0,0,0,0,0,0,0,0,0,0,0,0,0,0,0,0,0,0,0,0,0,0,0,0,0,0,0,0,1,0,0,0,0,0,0,0,0,0,0,0,0,0,0,0,0,0,0,0,0
It's A Raid (feat. Post Malone),Ozzy Osbourne,65,2734142,"['album rock', 'birmingham metal', 'hard rock', 'metal', 'rock']",82,2020-02-21,2020-03-04,1,0,0,0,0,0,0,0,0,0,0,0,0,0,0,0,0,0,0,0,0,0,0,0,0,0,0,0,0,0,0,1,0,0,0,0,0,0,0,0,0,0,0,0,0,0,0,0,0,0,0,0
VIEWS,Noga Erez,47,15259,"['israeli hip hop', 'israeli indie']",46,2020-02-24,2020-03-04,1,0,0,0,0,1,0,0,0,0,0,0,0,0,0,0,0,0,0,0,0,0,0,0,0,0,0,0,0,0,0,0,0,0,0,0,0,0,0,0,0,0,0,0,0,0,0,0,0,0,0,0
You Get Me,P Money,42,86604,"['grime', 'uk alternative hip hop', 'uk hip hop']",57,2020-02-28,2020-03-04,1,0,0,0,0,0,0,0,0,0,0,0,0,0,1,0,0,0,0,0,0,0,0,0,0,0,0,0,0,0,0,0,0,0,0,0,0,0,0,0,0,0,0,0,0,0,0,0,0,0,0,0
SPLIT DECISION,PARTYNEXTDOOR,56,2181674,"['hip hop', 'pop', 'pop rap', 'rap', 'toronto rap', 'trap', 'urban contemporary']",81,2020-02-28,2020-03-04,1,0,0,0,0,0,0,0,0,0,0,0,0,0,0,0,0,0,0,0,0,0,0,0,0,0,0,0,0,0,0,0,0,0,0,0,0,0,0,0,0,0,0,0,1,0,0,0,0,0,0,0
i drive me mad,renforshort,50,6089,['canadian pop'],51,2020-02-27,2020-03-04,1,0,0,0,0,0,0,0,0,0,0,0,0,0,0,0,0,0,0,0,0,0,0,0,0,0,0,0,0,0,0,1,0,0,0,0,0,0,0,0,0,0,0,0,0,0,0,0,0,0,0,0
Stop Spinnin,NoCap,33,188200,"['alabama rap', 'atl trap', 'trap']",67,2020-03-02,2020-03-04,1,0,0,0,0,0,0,0,0,0,0,0,0,0,0,0,0,0,0,0,0,0,0,0,0,0,0,0,0,0,1,0,0,0,0,0,0,0,0,0,0,0,0,0,0,0,0,0,0,0,0,0
Bachelor,Yung Mal,49,35454,"['atl trap', 'trap', 'vapor trap']",53,2020-02-20,2020-03-04,1,0,0,0,0,0,0,0,0,0,0,0,0,0,0,0,0,0,0,0,0,0,0,0,0,0,0,0,0,0,1,0,0,0,0,0,0,0,0,0,0,0,0,0,0,0,0,0,0,0,0,0
HÄNGERUME?,Z.E,52,96199,"['swedish gangsta rap', 'swedish hip hop', 'swedish urban']",70,2020-02-20,2020-03-04,1,1,0,0,0,0,0,0,0,0,0,0,0,0,0,0,0,0,0,0,0,0,0,0,0,0,0,0,0,0,0,0,0,0,0,0,0,0,0,0,0,0,0,0,0,0,0,0,0,0,0,0
Du vet,Naod,45,9284,"['swedish hip hop', 'swedish urban']",57,2020-02-28,2020-03-04,1,1,0,0,0,0,0,0,0,0,0,0,0,0,0,0,0,0,0,0,0,0,0,0,0,0,0,0,0,0,0,0,0,0,0,0,0,0,0,0,0,0,0,0,0,0,0,0,0,0,0,0
SUPERSTAR,Z.E,55,96199,"['swedish gangsta rap', 'swedish hip hop', 'swedish urban']",70,2020-02-20,2020-03-04,1,1,0,0,0,0,0,0,0,0,0,0,0,0,0,0,0,0,0,0,0,0,0,0,0,0,0,0,0,0,0,0,0,0,0,0,0,0,0,0,0,0,0,0,0,0,0,0,0,0,0,0
BONANZA,Z.E,57,96199,"['swedish gangsta rap', 'swedish hip hop', 'swedish urban']",70,2020-02-20,2020-03-04,1,1,0,0,0,0,0,0,0,0,0,0,0,0,0,0,0,0,0,0,0,0,0,0,0,0,0,0,0,0,0,0,0,0,0,0,0,0,0,0,0,0,0,0,0,0,0,0,0,0,0,0
Fantasy,Niniola,42,26050,"['afro dancehall', 'afropop', 'nigerian pop']",50,2020-02-27,2020-03-04,1,0,0,1,0,0,0,0,0,0,0,0,0,0,0,0,0,0,0,0,0,0,0,0,0,0,0,0,0,0,0,0,0,0,0,0,0,0,0,0,0,0,0,0,0,0,0,0,0,0,0,0
FLYT,Z.E,63,96199,"['swedish gangsta rap', 'swedish hip hop', 'swedish urban']",70,2020-02-20,2020-03-04,1,1,0,0,0,0,0,0,0,0,0,0,0,0,0,0,0,0,0,0,0,0,0,0,0,0,0,0,0,0,0,0,0,0,0,0,0,0,0,0,0,0,0,0,0,0,0,0,0,0,0,0
ABC,Nef The Pharaoh,39,98101,"['cali rap', 'hyphy', 'west coast trap']",59,2020-02-28,2020-03-04,1,0,0,0,0,0,0,0,0,0,1,0,0,0,0,0,0,0,0,0,0,0,0,0,0,0,0,0,0,0,0,0,0,0,0,0,0,0,0,0,0,0,0,0,0,0,0,0,0,0,0,0
Gunsmoke,YoungBoy Never Broke Again,65,4207044,"['baton rouge rap', 'trap']",90,2020-02-21,2020-03-04,1,0,0,0,0,0,0,0,0,0,0,0,0,0,0,0,0,0,0,0,0,0,0,0,0,0,0,0,0,0,0,0,1,0,0,0,0,0,0,0,0,0,0,0,0,0,0,0,0,0,0,0
Dedicated,Nea,56,8190,[],72,2020-02-28,2020-03-04,1,0,0,0,0,0,0,0,0,0,0,0,0,0,0,0,0,0,0,0,0,0,0,0,0,0,0,0,0,0,0,0,0,0,0,0,0,0,0,0,1,0,0,0,0,0,0,0,0,0,0,0
Dripping 2,Naod,49,9284,"['swedish hip hop', 'swedish urban']",57,2020-02-28,2020-03-04,1,1,0,0,0,0,0,0,0,0,0,0,0,0,0,0,0,0,0,0,0,0,0,0,0,0,0,0,0,0,0,0,0,0,0,0,0,0,0,0,0,0,0,0,0,0,0,0,0,0,0,0
Fast,Naod,48,9284,"['swedish hip hop', 'swedish urban']",57,2020-02-28,2020-03-04,1,1,0,0,0,0,0,0,0,0,0,0,0,0,0,0,0,0,0,0,0,0,0,0,0,0,0,0,0,0,0,0,0,0,0,0,0,0,0,0,0,0,0,0,0,0,0,0,0,0,0,0
no no,ceo@business.net,38,3471,[],52,2020-02-21,2020-03-04,1,0,0,0,0,0,0,0,0,0,0,0,0,0,0,0,0,0,0,0,0,0,0,0,0,1,0,0,0,0,0,0,0,0,0,0,0,0,0,0,0,0,0,0,0,0,0,0,0,0,0,0
Bad Bad,YoungBoy Never Broke Again,70,4207044,"['baton rouge rap', 'trap']",90,2020-02-21,2020-03-04,1,0,0,0,0,0,0,0,0,0,0,0,0,0,0,0,0,0,0,0,0,0,0,0,0,0,0,0,0,0,0,0,0,0,0,0,0,0,0,0,0,0,0,0,0,1,0,0,0,0,0,0
Zeldzaam (feat. Ronnie Flex),Tabitha,61,63061,"['dutch hip hop', 'dutch pop', 'dutch urban']",69,2020-02-21,2020-03-04,1,0,0,0,0,0,0,0,0,0,0,0,0,0,0,0,0,0,0,0,0,0,0,0,0,0,0,0,0,0,0,0,0,0,0,0,0,0,0,0,0,0,0,0,0,0,0,1,0,0,0,0
Deeper Dark,Pip Millett,49,31081,"['alternative r&b', 'indie r&b', 'indie soul', 'uk contemporary r&b']",56,2020-02-20,2020-03-04,1,0,0,0,0,0,0,0,0,1,0,0,0,0,0,0,0,0,0,0,0,0,0,0,0,0,0,0,0,0,0,0,0,0,0,0,0,0,0,0,0,0,0,0,0,0,0,0,0,0,0,0
Ayy Macarena - Remix,Tyga,65,5454848,"['pop rap', 'rap', 'trap']",90,2020-02-21,2020-03-04,1,0,0,0,0,0,0,0,0,0,0,0,0,0,0,0,0,0,0,0,0,0,0,0,1,0,0,0,0,0,0,0,0,0,0,0,0,0,0,0,0,0,0,0,0,0,0,0,0,0,0,0
Give No Fuck (feat. Trouble & Boosie Badazz),YFN Lucci,37,1378185,"['atl hip hop', 'melodic rap', 'rap', 'southern hip hop', 'trap']",69,2020-02-28,2020-03-04,1,0,0,0,0,0,0,0,0,0,0,0,0,0,0,0,0,0,0,0,0,0,0,0,0,0,0,0,0,0,0,0,0,0,0,0,0,0,0,0,0,0,0,0,0,1,0,0,0,0,0,0
"Great Unknown - From The Motion Picture “The Call Of The Wild""",X Ambassadors,65,1965099,"['modern alternative rock', 'modern rock', 'pop', 'pop rock', 'rock', 'stomp pop']",79,2020-02-21,2020-03-04,1,0,0,0,0,0,0,0,0,0,0,0,0,0,0,0,0,0,0,0,0,0,0,0,0,0,0,0,0,0,0,1,0,0,0,0,0,0,0,0,0,0,0,0,0,0,0,0,0,0,0,0
what are we,Virginia To Vegas,46,23520,['canadian pop'],61,2020-02-28,2020-03-04,1,0,0,0,0,0,0,0,0,0,0,0,0,0,0,0,0,0,0,0,0,0,0,0,0,0,0,0,0,0,0,1,0,0,0,0,0,0,0,0,0,0,0,0,0,0,0,0,0,0,0,0
Slow Whine,Various Artists,10,857568,[],0,2020-02-21,2020-03-04,1,0,0,0,0,0,0,0,0,0,0,0,0,0,0,0,0,0,0,0,0,0,0,0,0,0,0,0,0,0,0,0,0,0,0,0,0,0,1,0,0,0,0,0,0,0,0,0,0,0,0,0
Can't Go (feat. Ty Dolla $ign),UnoTheActivist,61,140075,"['melodic rap', 'trap', 'underground hip hop', 'vapor trap']",61,2020-02-21,2020-03-04,1,0,0,0,0,0,0,0,0,0,0,0,0,0,0,0,0,0,0,0,0,0,0,0,0,0,0,0,0,0,1,0,0,0,0,0,0,0,0,0,0,0,0,0,0,0,0,0,0,0,0,0
Gucci Man (feat. Robbz x Brookz),Skengdo,46,51438,['uk hip hop'],60,2020-02-21,2020-03-04,1,0,0,0,0,0,0,0,0,0,0,0,0,0,0,0,0,0,0,0,0,0,0,0,0,0,0,0,0,0,0,0,0,0,0,1,0,0,0,0,0,0,0,0,0,0,0,0,0,0,0,0
2020,Smoove'L,51,5746,[],62,2020-02-19,2020-03-04,1,0,0,0,0,0,0,0,0,0,0,0,0,0,0,0,0,0,0,0,0,0,0,0,0,0,0,0,0,0,1,0,0,0,0,0,0,0,0,0,0,0,0,0,0,0,0,0,0,0,0,0
True Story (feat. Kevin Gates),YFN Lucci,39,1378185,"['atl hip hop', 'melodic rap', 'rap', 'southern hip hop', 'trap']",69,2020-02-28,2020-03-04,1,0,0,0,0,0,0,0,0,0,0,0,0,0,0,0,0,0,0,0,0,0,0,0,0,0,0,0,0,0,0,0,1,0,0,0,0,0,0,0,0,0,0,0,0,0,0,0,0,0,0,0
No Truck Song,Tim Hicks,45,26701,"['canadian contemporary country', 'canadian country']",52,2020-02-21,2020-03-04,1,0,0,0,0,0,0,0,0,0,0,0,0,0,0,0,0,0,0,0,0,0,0,0,0,0,0,0,0,0,0,1,0,0,0,0,0,0,0,0,0,0,0,0,0,0,0,0,0,0,0,0
Bad Decisions,The Strokes,72,3089651,"['alternative rock', 'garage rock', 'indie rock', 'modern rock', 'permanent wave', 'rock']",80,2020-02-18,2020-03-04,1,0,0,0,0,0,0,0,0,0,0,0,0,0,0,0,0,0,0,0,0,0,0,0,0,0,0,0,0,0,0,1,0,0,0,0,0,0,0,0,0,0,0,0,0,0,0,0,0,0,0,0
Fyra Fem Pers,Stress,44,26458,"['swedish gangsta rap', 'swedish hip hop', 'swedish urban']",57,2020-02-21,2020-03-04,1,1,0,0,0,0,0,0,0,0,0,0,0,0,0,0,0,0,0,0,0,0,0,0,0,0,0,0,0,0,0,0,0,0,0,0,0,0,0,0,0,0,0,0,0,0,0,0,0,0,0,0
TAP,Stress,46,26458,"['swedish gangsta rap', 'swedish hip hop', 'swedish urban']",57,2020-02-28,2020-03-04,1,1,0,0,0,0,0,0,0,0,0,0,0,0,0,0,0,0,0,0,0,0,0,0,0,0,0,0,0,0,0,0,0,0,0,0,0,0,0,0,0,0,0,0,0,0,0,0,0,0,0,0
The Birthday Party,The 1975,73,3846325,"['indie pop', 'modern alternative rock', 'modern rock', 'nu gaze', 'pop', 'rock']",83,2020-02-19,2020-03-04,1,0,0,0,0,0,0,0,0,0,0,0,0,0,0,0,0,0,0,0,0,0,0,0,0,0,0,0,0,0,0,1,0,0,0,0,0,0,0,0,0,0,0,0,0,0,0,0,0,0,0,0
Play It Cool,Syer B,32,963,[],32,2020-02-28,2020-03-04,1,0,0,0,0,0,0,0,0,0,0,0,0,0,1,0,0,0,0,0,0,0,0,0,0,0,0,0,0,0,0,0,0,0,0,0,0,0,0,0,0,0,0,0,0,0,0,0,0,0,0,0
Down,S9ine,36,877,"['swedish trap', 'swedish urban']",38,2020-02-28,2020-03-04,1,1,0,0,0,0,0,0,0,0,0,0,0,0,0,0,0,0,0,0,0,0,0,0,0,0,0,0,0,0,0,0,0,0,0,0,0,0,0,0,0,0,0,0,0,0,0,0,0,0,0,0
Lost,S4G4,31,1721,[],29,2020-02-28,2020-03-04,1,0,0,0,0,0,0,0,0,0,0,0,0,0,0,0,0,0,0,0,0,0,0,0,0,0,0,0,0,0,0,0,0,0,1,0,0,0,0,0,0,0,0,0,0,0,0,0,0,0,0,0
Enemies,Posa,34,443,[],28,2020-02-21,2020-03-04,1,0,0,0,0,0,0,0,0,0,0,0,0,0,0,0,0,0,0,0,0,0,0,0,0,0,0,0,0,0,0,0,0,0,0,0,0,0,0,0,0,0,0,0,0,1,0,0,0,0,0,0
RASCAL,RMR,54,4142,[],45,2020-02-26,2020-03-04,1,0,0,0,0,0,0,0,0,0,0,0,0,0,0,0,0,0,0,0,0,0,0,0,0,0,0,0,0,0,0,0,0,0,0,0,0,0,0,0,1,0,0,0,0,0,0,0,0,0,0,0
Just a Kid,Princess Nokia,43,264127,"['escape room', 'lgbtq+ hip hop', 'trap queen']",64,2020-02-26,2020-03-04,1,0,0,0,0,0,0,0,0,0,0,0,0,0,0,0,0,0,0,0,0,0,0,0,0,0,0,0,1,0,0,0,0,0,0,0,0,0,0,0,0,0,0,0,0,0,0,0,0,0,0,0
Happy Place,Princess Nokia,47,264127,"['escape room', 'lgbtq+ hip hop', 'trap queen']",64,2020-02-26,2020-03-04,1,0,0,0,0,0,0,0,0,0,0,0,0,0,0,0,0,0,0,0,0,0,0,0,0,0,0,0,1,0,0,0,0,0,0,0,0,0,0,0,0,0,0,0,0,0,0,0,0,0,0,0
Real Badman,Teddy Bruckshot,24,406,[],32,2020-02-19,2020-03-04,1,0,0,0,0,0,0,0,0,0,0,0,0,0,1,0,0,0,0,0,0,0,0,0,0,0,0,0,0,0,0,0,0,0,0,0,0,0,0,0,0,0,0,0,0,0,0,0,0,0,0,0
stardew,Purity Ring,43,490091,"['canadian electropop', 'chillwave', 'edmonton indie', 'electropop', 'grave wave', 'indie pop', 'indietronica', 'metropopolis', 'shimmer pop']",62,2020-02-18,2020-03-04,1,0,0,0,0,0,0,0,0,0,0,0,0,0,0,0,0,0,0,0,0,0,0,0,0,0,0,0,0,0,0,1,0,0,0,0,0,0,0,0,0,0,0,0,0,0,0,0,0,0,0,0
RUNAWAY,REI AMI,56,20255,[],54,2020-02-19,2020-03-04,1,0,0,0,0,1,0,0,0,0,0,0,0,0,0,0,0,0,0,0,0,0,0,0,0,0,0,0,0,0,0,0,0,0,0,0,0,0,0,0,0,0,0,0,0,0,0,0,0,0,0,0
Tesla,RIZ LA VIE,50,33355,"['bedroom soul', 'indie r&b']",58,2020-02-26,2020-03-04,1,0,0,0,0,1,0,0,0,0,0,0,0,0,0,0,0,0,0,0,0,0,0,0,0,0,0,0,0,0,0,0,0,0,0,0,0,0,0,0,0,0,0,0,0,0,0,0,0,0,0,0
Deeper Than Rap,Young Nudy,54,360613,"['rap', 'southern hip hop', 'trap', 'underground hip hop', 'vapor trap']",74,2020-02-24,2020-03-04,1,0,0,0,0,0,0,0,0,0,0,0,0,0,0,0,0,0,0,0,0,0,0,0,0,0,0,0,0,0,0,0,1,0,0,0,0,0,0,0,0,0,0,0,0,0,0,0,0,0,0,0
Good Energy,Rydah,40,441,[],40,2020-02-20,2020-03-04,1,0,0,0,0,0,0,0,0,0,0,0,0,0,0,0,0,0,0,0,0,0,0,0,0,0,0,0,0,0,0,0,0,0,0,0,0,0,0,0,0,0,0,0,0,0,0,0,0,1,0,0
Pay Day,Rei,32,1889,['waiata maori'],43,2020-02-21,2020-03-04,1,0,0,0,0,0,0,0,0,0,0,0,0,0,0,0,0,0,0,0,0,0,0,0,0,0,0,0,0,0,0,0,0,0,0,0,0,0,0,0,0,0,0,0,0,0,0,0,0,1,0,0
Like That,YSN Flow,55,58933,"['melodic rap', 'vapor trap']",62,2020-02-21,2020-03-04,1,0,0,0,0,0,0,0,0,0,0,0,1,0,0,0,0,0,0,0,0,0,0,0,0,0,0,0,0,0,0,0,0,0,0,0,0,0,0,0,0,0,0,0,0,0,0,0,0,0,0,0
Leaves,Rhyon Brown,41,426,[],30,2020-02-21,2020-03-04,1,0,0,0,0,0,0,0,0,1,0,0,0,0,0,0,0,0,0,0,0,0,0,0,0,0,0,0,0,0,0,0,0,0,0,0,0,0,0,0,0,0,0,0,0,0,0,0,0,0,0,0
"Season Ticket Holder (feat. D. Wade, Raphael Saadiq & UD)",Rick Ross,61,3841597,"['dirty south rap', 'gangster rap', 'hip hop', 'pop rap', 'rap', 'southern hip hop', 'trap']",85,2020-02-21,2020-03-04,1,0,0,0,0,0,0,0,0,0,0,0,0,0,0,0,0,0,0,0,0,0,0,0,0,0,0,0,0,0,0,0,0,0,0,0,0,0,0,0,0,0,0,0,0,1,0,0,0,0,0,0
Freestyle (feat. Bandhunta Izzy),YFN Lucci,50,1378185,"['atl hip hop', 'melodic rap', 'rap', 'southern hip hop', 'trap']",69,2020-02-28,2020-03-04,1,0,0,0,0,0,0,0,0,0,0,0,0,1,0,0,0,0,0,0,0,0,0,0,0,0,0,0,0,0,0,0,0,0,0,0,0,0,0,0,0,0,0,0,0,0,0,0,0,0,0,0
Upside Down,"Royce Da 5'9""",54,432576,"['alternative hip hop', 'detroit hip hop', 'gangster rap', 'hardcore hip hop', 'hip hop', 'pop rap', 'rap', 'southern hip hop', 'underground hip hop']",79,2020-02-21,2020-03-04,1,0,0,0,0,0,0,0,0,0,0,0,0,0,0,0,0,0,0,0,0,0,0,0,0,0,0,0,0,1,0,0,0,0,0,0,0,0,0,0,0,0,0,0,0,0,0,0,0,0,0,0
Back It Up,Mwuana,52,18000,"['swedish dancehall', 'swedish gangsta rap', 'swedish hip hop', 'swedish pop', 'swedish urban']",60,2020-02-20,2020-03-04,1,1,0,0,0,0,0,0,0,0,0,0,0,0,0,0,0,0,0,0,0,0,0,0,0,0,0,0,0,0,0,0,0,0,0,0,0,0,0,0,0,0,0,0,0,0,0,0,0,0,0,0
NETFL1X,1.Cuz,52,39173,"['swedish gangsta rap', 'swedish urban']",67,2020-02-28,2020-03-04,1,1,0,0,0,0,0,0,0,0,0,0,0,0,0,0,0,0,0,0,0,0,0,0,0,0,0,0,0,0,0,0,0,0,0,0,0,0,0,0,0,0,0,0,0,0,0,0,0,0,0,0
Prince Charming,Masiwei,48,2564,[],48,2020-02-28,2020-03-04,1,0,0,0,0,0,0,0,1,0,0,0,0,0,0,0,0,0,0,0,0,0,0,0,0,0,0,0,0,0,0,0,0,0,0,0,0,0,0,0,0,0,0,0,0,0,0,0,0,0,0,0
Samma Samma,Finess,38,2348,"['swedish gangsta rap', 'swedish hip hop', 'swedish urban']",46,2020-02-21,2020-03-04,1,1,0,0,0,0,0,0,0,0,0,0,0,0,0,0,0,0,0,0,0,0,0,0,0,0,0,0,0,0,0,0,0,0,0,0,0,0,0,0,0,0,0,0,0,0,0,0,0,0,0,0
Svarta Himlen,Delgado,28,903,['swedish gangsta rap'],32,2020-02-28,2020-03-04,1,1,0,0,0,0,0,0,0,0,0,0,0,0,0,0,0,0,0,0,0,0,0,0,0,0,0,0,0,0,0,0,0,0,0,0,0,0,0,0,0,0,0,0,0,0,0,0,0,0,0,0
Bags,Denz,48,25431,"['swedish gangsta rap', 'swedish hip hop', 'swedish trap', 'swedish urban']",55,2020-02-26,2020-03-04,1,1,0,0,0,0,0,0,0,0,0,0,0,0,0,0,0,0,0,0,0,0,0,0,0,0,0,0,0,0,0,0,0,0,0,0,0,0,0,0,0,0,0,0,0,0,0,0,0,0,0,0
Lass los,Dhurata Dora,70,77169,['albanian hip hop'],66,2020-02-28,2020-03-04,1,0,0,0,0,0,0,0,0,0,0,0,0,0,0,0,0,0,0,0,0,0,0,0,0,0,0,0,0,0,0,0,0,0,0,0,0,0,0,0,0,0,0,0,0,0,1,0,0,0,0,0
Rollin,Diana Gordon,48,18663,['alternative r&b'],49,2020-02-27,2020-03-04,1,0,0,0,0,0,0,0,0,0,0,0,0,0,0,0,0,0,0,0,0,0,0,0,0,0,0,0,0,0,0,0,0,0,0,0,0,0,0,0,0,0,0,0,1,0,0,0,0,0,0,0
New Bosses,Doley Bernays,27,1579,[],38,2020-02-27,2020-03-04,1,0,0,0,0,0,0,0,0,0,0,0,0,0,0,0,0,0,0,0,0,0,0,0,0,0,0,0,0,0,0,0,0,0,0,0,0,0,0,0,0,0,1,0,0,0,0,0,0,0,0,0
PIKACHU,Dree Low,50,70235,"['swedish gangsta rap', 'swedish trap', 'swedish urban']",75,2020-03-02,2020-03-04,1,1,0,0,0,0,0,0,0,0,0,0,0,0,0,0,0,0,0,0,0,0,0,0,0,0,0,0,0,0,0,0,0,0,0,0,0,0,0,0,0,0,0,0,0,0,0,0,0,0,0,0
Elephant,Duchess,43,482,[],39,2020-02-21,2020-03-04,1,0,0,0,0,0,0,0,0,0,0,0,0,0,0,0,0,0,0,0,0,0,0,0,0,0,0,0,0,0,0,0,0,0,0,0,0,0,0,0,0,0,0,0,0,0,0,0,0,0,1,0
Crunk Ain't Dead Mob,Duke Deuce,45,20513,"['atl trap', 'memphis hip hop', 'trap']",61,2020-02-19,2020-03-04,1,0,0,0,0,0,0,0,0,0,0,0,0,0,0,0,0,0,0,0,0,0,0,0,0,0,0,0,0,0,0,0,0,0,0,0,0,0,0,0,0,0,0,0,0,1,0,0,0,0,0,0
Dream Girl,Eric Ethridge,42,8051,['canadian contemporary country'],47,2020-02-21,2020-03-04,1,0,0,0,0,0,0,0,0,0,0,0,0,0,0,0,0,0,0,0,0,0,0,0,0,0,0,0,0,0,0,1,0,0,0,0,0,0,0,0,0,0,0,0,0,0,0,0,0,0,0,0
Hookup,Finess,27,2348,"['swedish gangsta rap', 'swedish hip hop', 'swedish urban']",46,2020-02-28,2020-03-04,1,1,0,0,0,0,0,0,0,0,0,0,0,0,0,0,0,0,0,0,0,0,0,0,0,0,0,0,0,0,0,0,0,0,0,0,0,0,0,0,0,0,0,0,0,0,0,0,0,0,0,0
Can't Let Go,Frank Walker,41,29213,['pop edm'],67,2020-02-21,2020-03-04,1,0,0,0,0,0,0,0,0,0,0,0,0,0,0,0,0,0,0,0,0,0,0,0,0,0,0,0,0,0,0,1,0,0,0,0,0,0,0,0,0,0,0,0,0,0,0,0,0,0,0,0
Carry On,Martin Jensen,58,774192,"['big room', 'dance pop', 'danish electronic', 'deep tropical house', 'edm', 'electro house', 'pop', 'pop edm', 'tropical house']",75,2020-02-28,2020-03-04,1,0,0,0,0,0,0,0,0,0,0,0,0,0,0,0,0,0,0,0,0,0,0,0,0,0,0,0,0,0,0,1,0,0,0,0,0,0,0,0,0,0,0,0,0,0,0,0,0,0,0,0
Alles was ich hab,Fynn Kliemann,68,138049,"['german indie', 'german pop', 'german rock']",68,2020-02-21,2020-03-04,1,0,0,0,0,0,0,0,0,0,0,0,0,0,0,0,0,0,0,0,0,0,0,0,0,0,0,0,0,0,0,0,0,0,0,0,0,0,0,0,0,0,0,0,0,0,1,0,0,0,0,0
Gangbangin,G Herbo,59,800546,"['chicago drill', 'chicago rap', 'drill', 'hip hop', 'rap', 'southern hip hop', 'trap', 'vapor trap']",75,2020-02-28,2020-03-04,1,0,0,0,0,0,0,0,0,0,0,0,0,0,0,0,0,0,0,0,0,0,0,0,0,0,0,0,0,0,0,0,1,0,0,0,0,0,0,0,0,0,0,0,0,0,0,0,0,0,0,0
LITT,G!ft,39,188,[],39,2020-02-22,2020-03-04,1,0,0,0,0,0,0,0,0,0,0,0,0,0,0,0,0,0,0,0,0,0,0,0,0,0,0,0,0,0,0,0,0,0,0,1,0,0,0,0,0,0,0,0,0,0,0,0,0,0,0,0
Who is U,GNAR,45,188996,"['atl hip hop', 'dark trap', 'melodic rap', 'trap', 'underground hip hop', 'vapor trap']",63,2020-02-21,2020-03-04,1,0,0,0,0,0,0,0,0,0,0,0,1,0,0,0,0,0,0,0,0,0,0,0,0,0,0,0,0,0,0,0,0,0,0,0,0,0,0,0,0,0,0,0,0,0,0,0,0,0,0,0
Panama,Gee Dixon,38,13172,"['swedish gangsta rap', 'swedish hip hop', 'swedish urban']",55,2020-02-28,2020-03-04,1,1,0,0,0,0,0,0,0,0,0,0,0,0,0,0,0,0,0,0,0,0,0,0,0,0,0,0,0,0,0,0,0,0,0,0,0,0,0,0,0,0,0,0,0,0,0,0,0,0,0,0
Juice,Gee Dixon,44,13172,"['swedish gangsta rap', 'swedish hip hop', 'swedish urban']",55,2020-02-21,2020-03-04,1,1,0,0,0,0,0,0,0,0,0,0,0,0,0,0,0,0,0,0,0,0,0,0,0,0,0,0,0,0,0,0,0,0,0,0,0,0,0,0,0,0,0,0,0,0,0,0,0,0,0,0
Jennifer (feat. Soolking),Ghali,67,2255325,"['italian hip hop', 'milan indie', 'rap tunisien']",79,2020-02-21,2020-03-04,1,0,0,0,0,0,0,0,0,0,0,0,0,0,0,1,0,0,0,0,0,0,0,0,0,0,0,0,0,0,0,0,0,0,0,0,0,0,0,0,0,0,0,0,0,0,0,0,0,0,0,0
21,Gracie Abrams,66,12448,[],61,2020-02-20,2020-03-04,1,0,0,0,0,0,0,0,0,0,0,0,0,0,0,0,0,0,0,0,0,0,0,0,0,0,0,0,0,0,0,1,0,0,0,0,0,0,0,0,0,0,0,0,0,0,0,0,0,0,0,0
PUTA,Greekazo,48,31456,['swedish urban'],68,2020-03-02,2020-03-04,1,1,0,0,0,0,0,0,0,0,0,0,0,0,0,0,0,0,0,0,0,0,0,0,0,0,0,0,0,0,0,0,0,0,0,0,0,0,0,0,0,0,0,0,0,0,0,0,0,0,0,0
Dancing Next To Me,Greyson Chance,59,363223,"['dance pop', 'indie poptimism', 'pop', 'post-teen pop', 'viral pop']",67,2020-02-21,2020-03-04,1,0,0,0,0,0,0,0,0,0,0,0,0,0,0,0,0,0,0,0,0,0,0,0,0,0,0,0,0,0,0,1,0,0,0,0,0,0,0,0,0,0,0,0,0,0,0,0,0,0,0,0
Jefe,DJ Nino Brown,32,1033,[],33,2020-02-28,2020-03-04,1,0,0,0,0,0,0,0,0,0,0,0,0,0,0,0,0,0,0,0,0,0,0,0,0,0,0,0,0,0,0,0,0,0,0,0,0,0,0,0,0,0,0,0,0,0,0,0,0,1,0,0
350,DJ Drama,47,776154,"['dirty south rap', 'gangster rap', 'hip hop', 'philly rap', 'pop rap', 'rap', 'southern hip hop', 'trap']",62,2020-02-28,2020-03-04,1,0,0,0,0,0,0,0,0,0,0,0,0,0,0,0,0,0,0,0,0,0,0,0,0,0,0,0,0,0,0,0,0,0,0,0,0,0,0,0,0,0,0,0,0,1,0,0,0,0,0,0
Baby You,DABOYWAY,41,26428,"['thai hip hop', 'thai pop']",55,2020-02-27,2020-03-04,1,0,0,0,0,0,0,0,1,0,0,0,0,0,0,0,0,0,0,0,0,0,0,0,0,0,0,0,0,0,0,0,0,0,0,0,0,0,0,0,0,0,0,0,0,0,0,0,0,0,0,0
My Block,Che Lingo,40,7857,['uk alternative hip hop'],42,2020-02-20,2020-03-04,1,0,0,0,0,0,0,0,0,0,0,0,0,0,0,0,0,0,0,0,0,0,0,0,0,0,0,0,0,0,0,0,0,0,0,1,0,0,0,0,0,0,0,0,0,0,0,0,0,0,0,0
Sos,2M,0,658,[],47,2020-03-03,2020-03-04,1,1,0,0,0,0,0,0,0,0,0,0,0,0,0,0,0,0,0,0,0,0,0,0,0,0,0,0,0,0,0,0,0,0,0,0,0,0,0,0,0,0,0,0,0,0,0,0,0,0,0,0
Top Of The World,AK,52,58016,['deep underground hip hop'],59,2020-02-21,2020-03-04,1,0,0,0,0,0,0,0,0,0,0,0,0,0,0,0,0,0,1,0,0,0,0,0,0,0,0,0,0,0,0,0,0,0,0,0,0,0,0,0,0,0,0,0,0,0,0,0,0,0,0,0
All Night (feat. Ally Brooke),Afrojack,67,3311941,"['big room', 'dance pop', 'deep big room', 'dutch house', 'edm', 'electro house', 'pop', 'progressive electro house', 'progressive house', 'tropical house']",78,2020-02-21,2020-03-04,1,0,0,0,0,0,0,0,0,0,0,0,0,0,0,0,0,0,0,0,0,0,0,0,0,0,0,0,0,0,0,1,0,0,0,0,0,0,0,0,0,0,0,0,0,0,0,0,0,0,0,0
Fabulous,Ally Brooke,51,287643,"['dance pop', 'pop', 'post-teen pop']",66,2020-02-28,2020-03-04,1,0,0,0,0,0,0,0,0,0,0,0,0,0,0,0,0,0,0,0,0,0,0,0,0,0,0,0,0,0,0,1,0,0,0,0,0,0,0,0,0,0,0,0,0,0,0,0,0,0,0,0
Good 4 U,Ant Clemons,42,6329,['alternative r&b'],65,2020-02-28,2020-03-04,1,0,0,0,0,0,0,0,0,0,0,0,0,0,0,0,0,0,0,0,0,0,0,0,0,0,0,0,0,0,0,0,0,0,0,0,0,0,0,0,0,0,0,0,1,0,0,0,0,0,0,0
Matrix,Apache 207,78,620766,['german hip hop'],83,2020-02-24,2020-03-04,1,0,0,0,0,0,0,0,0,0,0,0,0,0,0,0,0,0,0,0,0,0,0,0,0,0,0,0,0,0,0,0,0,0,0,0,0,0,0,0,0,0,0,0,0,0,1,0,0,0,0,0
ROXANNE - Remix,Arizona Zervas,68,271630,['pop rap'],88,2020-02-21,2020-03-04,1,0,0,0,0,0,0,0,0,0,0,0,0,0,0,0,0,0,0,0,0,0,0,0,0,0,0,0,0,0,0,1,0,0,0,0,0,0,0,0,0,0,0,0,0,0,0,0,0,0,0,0
Years In The Making,Arkells,49,117621,"['canadian indie', 'canadian rock', 'deep new americana', 'hamilton on indie']",57,2020-02-25,2020-03-04,1,0,0,0,0,0,0,0,0,0,0,0,0,0,0,0,0,0,0,0,0,0,0,0,0,0,0,0,0,0,0,1,0,0,0,0,0,0,0,0,0,0,0,0,0,0,0,0,0,0,0,0
Superstars,Asme,57,22075,['swedish urban'],67,2020-02-26,2020-03-04,1,1,0,0,0,0,0,0,0,0,0,0,0,0,0,0,0,0,0,0,0,0,0,0,0,0,0,0,0,0,0,0,0,0,0,0,0,0,0,0,0,0,0,0,0,0,0,0,0,0,0,0
Lila,Asme,61,22075,['swedish urban'],67,2020-02-26,2020-03-04,1,1,0,0,0,0,0,0,0,0,0,0,0,0,0,0,0,0,0,0,0,0,0,0,0,0,0,0,0,0,0,0,0,0,0,0,0,0,0,0,0,0,0,0,0,0,0,0,0,0,0,0
I Do,Astrid S,60,534678,"['dance pop', 'electropop', 'norwegian pop', 'pop', 'post-teen pop', 'tropical house']",75,2020-02-28,2020-03-04,1,0,0,0,0,0,0,0,0,0,0,0,0,0,0,0,0,0,0,0,0,0,0,0,0,0,0,0,0,0,0,0,0,0,0,0,0,0,0,0,1,0,0,0,0,0,0,0,0,0,0,0
I Do,Astrid S,62,534678,"['dance pop', 'electropop', 'norwegian pop', 'pop', 'post-teen pop', 'tropical house']",75,2020-02-28,2020-03-04,1,0,0,0,0,0,0,0,0,0,0,0,0,0,0,0,0,0,0,0,0,0,0,0,0,0,0,0,0,0,0,1,0,0,0,0,0,0,0,0,0,0,0,0,0,0,0,0,0,0,0,0
Lärt sig,Awave,7,1709,['swedish urban'],44,2020-03-03,2020-03-04,1,1,0,0,0,0,0,0,0,0,0,0,0,0,0,0,0,0,0,0,0,0,0,0,0,0,0,0,0,0,0,0,0,0,0,0,0,0,0,0,0,0,0,0,0,0,0,0,0,0,0,0
Kamikaze,Azizi Gibson,51,97039,"['canadian hip hop', 'deep underground hip hop', 'underground hip hop']",61,2020-02-18,2020-03-04,1,0,0,0,0,0,0,0,0,0,0,0,0,0,0,0,0,0,0,0,0,0,0,0,0,0,0,0,0,0,1,0,0,0,0,0,0,0,0,0,0,0,0,0,0,0,0,0,0,0,0,0
FLYGER HÖGT,BENNETT,14,3201,"['gothenburg hip hop', 'swedish gangsta rap', 'swedish urban']",45,2020-02-28,2020-03-04,1,1,0,0,0,0,0,0,0,0,0,0,0,0,0,0,0,0,0,0,0,0,0,0,0,0,0,0,0,0,0,0,0,0,0,0,0,0,0,0,0,0,0,0,0,0,0,0,0,0,0,0
La Difícil,Bad Bunny,84,19270450,"['latin', 'reggaeton', 'trap latino']",100,2020-02-29,2020-03-04,1,0,0,0,0,0,0,0,0,0,0,0,0,0,0,0,0,0,0,0,0,0,0,0,0,0,0,0,0,0,0,0,0,0,0,0,0,0,0,0,1,0,0,0,0,0,0,0,0,0,0,0
Hello!,Billy Marchiafava,44,93955,"['meme rap', 'social media pop', 'vapor trap']",66,2020-02-28,2020-03-04,1,0,0,0,0,0,0,0,0,0,0,0,0,0,0,0,0,0,0,0,0,0,0,0,0,1,0,0,0,0,0,0,0,0,0,0,0,0,0,0,0,0,0,0,0,0,0,0,0,0,0,0
No Guidance,Cadenza,41,4111,[],46,2020-02-21,2020-03-04,1,0,0,0,0,0,0,0,0,0,0,0,0,0,0,0,0,0,0,0,0,0,0,0,0,0,0,0,0,0,0,0,0,0,0,1,0,0,0,0,0,0,0,0,0,0,0,0,0,0,0,0
Wild Wild,Calboy,58,381886,"['chicago rap', 'melodic rap', 'rap', 'southern hip hop', 'trap']",75,2020-02-21,2020-03-04,1,0,0,0,0,0,0,0,0,0,0,0,0,1,0,0,0,0,0,0,0,0,0,0,0,0,0,0,0,0,0,0,0,0,0,0,0,0,0,0,0,0,0,0,0,0,0,0,0,0,0,0
100k Cash,Capital Bra,74,3148830,['german hip hop'],84,2020-02-27,2020-03-04,1,0,0,0,0,0,0,0,0,0,0,0,0,0,0,0,0,0,0,0,0,0,0,0,0,0,0,0,0,0,0,0,0,0,0,0,0,0,0,0,0,0,0,0,0,0,1,0,0,0,0,0
I Found You,Cash Cash,61,515652,"['big room', 'dance pop', 'edm', 'electro house', 'electropop', 'electropowerpop', 'indie poptimism', 'pop', 'pop edm', 'progressive electro house', 'tropical house']",74,2020-02-28,2020-03-04,1,0,0,0,0,0,0,0,0,0,0,0,0,0,0,0,0,0,0,0,0,0,0,0,0,0,0,0,0,0,0,1,0,0,0,0,0,0,0,0,0,0,0,0,0,0,0,0,0,0,0,0
You'll miss me when I'm not around,Grimes,47,1005836,"['art pop', 'canadian electropop', 'dance pop', 'electropop', 'grave wave', 'indietronica', 'metropopolis']",77,2020-02-21,2020-03-04,1,0,0,0,0,0,0,0,0,0,0,0,0,0,0,0,0,0,0,0,0,0,0,0,0,0,0,0,0,0,0,1,0,0,0,0,0,0,0,0,0,0,0,0,0,0,0,0,0,0,0,0
Kandahar,Haval,49,2092,['swedish urban'],51,2020-02-27,2020-03-04,1,1,0,0,0,0,0,0,0,0,0,0,0,0,0,0,0,0,0,0,0,0,0,0,0,0,0,0,0,0,0,0,0,0,0,0,0,0,0,0,0,0,0,0,0,0,0,0,0,0,0,0
Bits and Pieces,JP Cooper,63,487409,"['dance pop', 'neo mellow', 'pop', 'tropical house', 'uk pop']",78,2020-02-21,2020-03-04,1,0,0,0,0,0,0,0,0,0,0,0,0,0,0,0,0,0,0,0,0,0,0,0,0,0,0,0,0,0,0,1,0,0,0,0,0,0,0,0,0,0,0,0,0,0,0,0,0,0,0,0
Modern Loneliness,Lauv,79,2373939,"['pop', 'post-teen pop']",90,2020-02-20,2020-03-04,1,0,0,0,0,0,0,0,0,0,0,0,0,0,0,0,0,0,0,0,0,0,0,0,0,0,0,0,0,0,0,1,0,0,0,0,0,0,0,0,0,0,0,0,0,0,0,0,0,0,0,0
Gang Signs,Lil Baby,66,3575324,"['atl hip hop', 'atl trap', 'rap', 'trap']",95,2020-02-28,2020-03-04,1,0,0,0,0,0,0,0,0,0,0,0,0,0,0,0,0,0,0,0,0,0,0,0,0,0,0,0,0,0,0,0,1,0,0,0,0,0,0,0,0,0,0,0,0,0,0,0,0,0,0,0
Sum 2 Prove,Lil Baby,67,3575324,"['atl hip hop', 'atl trap', 'rap', 'trap']",95,2020-02-28,2020-03-04,1,0,0,0,0,0,0,0,0,0,0,0,0,0,0,0,1,0,0,0,0,0,0,0,0,0,0,0,0,0,0,0,0,0,0,0,0,0,0,0,0,0,0,0,0,0,0,0,0,0,0,0
We Should (feat. Young Thug),Lil Baby,69,3575324,"['atl hip hop', 'atl trap', 'rap', 'trap']",95,2020-02-28,2020-03-04,1,0,0,0,0,0,0,0,0,0,0,0,0,0,0,0,0,0,0,0,0,0,0,0,0,0,0,0,0,0,0,0,0,0,0,0,0,0,0,1,0,0,0,0,0,0,0,0,0,0,0,0
Forever (feat. Lil Wayne),Lil Baby,70,3575324,"['atl hip hop', 'atl trap', 'rap', 'trap']",95,2020-02-28,2020-03-04,1,0,0,0,0,0,0,0,0,0,0,0,0,0,0,0,0,0,0,0,0,0,0,0,0,0,0,0,0,0,0,0,0,0,0,0,0,0,0,0,0,0,0,0,0,1,0,0,0,0,0,0
No Sucker (feat. Moneybagg Yo),Lil Baby,70,3575324,"['atl hip hop', 'atl trap', 'rap', 'trap']",95,2020-02-28,2020-03-04,1,0,0,0,0,0,0,0,0,0,0,0,0,0,0,0,0,0,0,0,0,0,0,0,0,0,0,0,0,0,0,0,0,0,0,0,0,0,0,0,0,0,0,0,0,1,0,0,0,0,0,0
HARRY POTTER,1.Cuz,59,39173,"['swedish gangsta rap', 'swedish urban']",67,2020-02-21,2020-03-04,1,1,0,0,0,0,0,0,0,0,0,0,0,0,0,0,0,0,0,0,0,0,0,0,0,0,0,0,0,0,0,0,0,0,0,0,0,0,0,0,0,0,0,0,0,0,0,0,0,0,0,0
Emotionally Scarred,Lil Baby,72,3575324,"['atl hip hop', 'atl trap', 'rap', 'trap']",95,2020-02-28,2020-03-04,1,0,0,0,0,0,0,0,0,0,0,0,0,0,0,0,0,0,0,0,0,0,0,0,0,0,1,0,0,0,0,0,0,0,0,0,0,0,0,0,0,0,0,0,0,0,0,0,0,0,0,0
Commercial (feat. Lil Uzi Vert),Lil Baby,75,3575324,"['atl hip hop', 'atl trap', 'rap', 'trap']",95,2020-02-28,2020-03-04,1,0,0,0,0,0,0,0,0,0,0,0,0,1,0,0,0,0,0,0,0,0,0,0,0,0,0,0,0,0,0,0,0,0,0,0,0,0,0,0,0,0,0,0,0,0,0,0,0,0,0,0
No Worries (feat. Young Nudy),Lil Gotit,48,151561,"['atl trap', 'rap', 'southern hip hop', 'trap', 'vapor trap']",65,2020-02-21,2020-03-04,1,0,0,0,0,0,0,0,0,0,0,0,0,0,0,0,0,0,0,0,0,0,0,0,0,0,0,0,0,0,0,0,0,0,0,0,0,0,0,0,0,0,0,0,0,1,0,0,0,0,0,0
Bark,Lil Haiti,42,4381,['viral trap'],47,2020-02-21,2020-03-04,1,0,0,0,0,0,0,0,0,0,0,0,1,0,0,0,0,0,0,0,0,0,0,0,0,0,0,0,0,0,0,0,0,0,0,0,0,0,0,0,0,0,0,0,0,0,0,0,0,0,0,0
Fashion Nova Men (Lil Gotit feat. Foolio),Lil Keed,48,318899,"['melodic rap', 'rap', 'southern hip hop', 'trap', 'vapor trap']",73,2020-02-28,2020-03-04,1,0,0,0,0,0,0,0,0,0,0,0,0,0,0,0,0,0,0,0,0,0,0,0,0,0,0,0,0,0,0,0,0,0,0,0,0,0,0,0,0,0,0,0,0,1,0,0,0,0,0,0
Bobble Head,Lil Keed,53,318899,"['melodic rap', 'rap', 'southern hip hop', 'trap', 'vapor trap']",73,2020-02-28,2020-03-04,1,0,0,0,0,0,0,0,0,0,0,0,1,0,0,0,0,0,0,0,0,0,0,0,0,0,0,0,0,0,0,0,0,0,0,0,0,0,0,0,0,0,0,0,0,0,0,0,0,0,0,0
Wide Awake,Lil Xan,44,1988317,"['emo rap', 'underground hip hop', 'vapor trap']",72,2020-02-21,2020-03-04,1,0,0,0,0,0,0,0,0,0,0,0,1,0,0,0,0,0,0,0,0,0,0,0,0,0,0,0,0,0,0,0,0,0,0,0,0,0,0,0,0,0,0,0,0,0,0,0,0,0,0,0
Heavy,Liza,18,1902,"['canadian contemporary r&b', 'indie r&b', 'latin metal']",29,2020-02-24,2020-03-04,1,0,0,0,0,0,0,0,0,0,0,0,0,0,0,0,0,0,0,0,0,0,0,0,0,0,0,0,0,0,0,0,0,0,1,0,0,0,0,0,0,0,0,0,0,0,0,0,0,0,0,0
This Is How U Feel,Loote,58,104299,"['dance pop', 'electropop', 'indie poptimism', 'indietronica', 'nyc pop', 'pop', 'pop edm', 'post-teen pop', 'tropical house']",71,2020-02-28,2020-03-04,1,0,0,0,0,0,0,0,0,0,0,0,0,0,0,0,0,0,0,0,0,0,0,0,0,0,0,0,0,0,0,1,0,0,0,0,0,0,0,0,0,0,0,0,0,0,0,0,0,0,0,0
Inte för oss,Lorentz,51,13295,"['swedish hip hop', 'swedish pop', 'swedish urban']",49,2020-02-21,2020-03-04,1,1,0,0,0,0,0,0,0,0,0,0,0,0,0,0,0,0,0,0,0,0,0,0,0,0,0,0,0,0,0,0,0,0,0,0,0,0,0,0,0,0,0,0,0,0,0,0,0,0,0,0
SCOTTY2HOTTY,Louie Indigo,32,303,['singaporean hip hop'],25,2020-02-28,2020-03-04,1,0,0,0,0,0,0,0,1,0,0,0,0,0,0,0,0,0,0,0,0,0,0,0,0,0,0,0,0,0,0,0,0,0,0,0,0,0,0,0,0,0,0,0,0,0,0,0,0,0,0,0
Lock,Luh Soldier,32,18582,"['alabama rap', 'atl trap']",54,2020-02-28,2020-03-04,1,0,0,0,0,0,0,0,0,0,0,0,0,0,0,0,0,0,0,0,0,0,0,0,0,0,0,0,0,0,0,0,1,0,0,0,0,0,0,0,0,0,0,0,0,0,0,0,0,0,0,0
"Vinterdepress 2 (feat. Dree Low, Thrife & Haval)",Macky,22,23844,"['swedish gangsta rap', 'swedish hip hop', 'swedish urban']",59,2020-03-03,2020-03-04,1,1,0,0,0,0,0,0,0,0,0,0,0,0,0,0,0,0,0,0,0,0,0,0,0,0,0,0,0,0,0,0,0,0,0,0,0,0,0,0,0,0,0,0,0,0,0,0,0,0,0,0
What You Did (feat. Ella Mai) [Cam'ron Remix],Mahalia,54,331555,"['alternative r&b', 'indie anthem-folk', 'indie r&b', 'indie soul', 'pop', 'uk contemporary r&b']",72,2020-02-28,2020-03-04,1,0,0,0,0,0,0,0,0,0,0,0,0,0,0,0,0,0,0,0,0,0,0,0,0,0,0,0,0,0,0,0,0,0,0,0,0,0,0,1,0,0,0,0,0,0,0,0,0,0,0,0
Crusade,Marshmello,67,21819223,"['brostep', 'progressive electro house']",89,2020-02-25,2020-03-04,1,0,0,0,0,0,0,0,0,0,0,0,0,0,0,0,0,0,0,0,0,0,0,0,0,0,0,0,0,0,0,0,0,0,0,0,0,0,0,0,1,0,0,0,0,0,0,0,0,0,0,0
Bittersweet,Lianne La Havas,61,515479,"['british soul', 'indie soul', 'neo soul', 'soul']",64,2020-02-25,2020-03-04,1,0,0,0,0,0,0,0,0,0,0,0,0,0,0,0,0,0,0,0,0,0,0,0,0,0,0,0,0,0,0,0,0,0,0,0,0,0,0,0,0,0,0,0,1,0,0,0,0,0,0,0
Trauma,L1NA,51,1141,['swedish urban'],47,2020-02-21,2020-03-04,1,1,0,0,0,0,0,0,0,0,0,0,0,0,0,0,0,0,0,0,0,0,0,0,0,0,0,0,0,0,0,0,0,0,0,0,0,0,0,0,0,0,0,0,0,0,0,0,0,0,0,0
Lay It Down,Jade Novah,36,27137,"['deep pop r&b', 'indie r&b']",48,2020-02-28,2020-03-04,1,0,0,0,0,0,0,0,0,1,0,0,0,0,0,0,0,0,0,0,0,0,0,0,0,0,0,0,0,0,0,0,0,0,0,0,0,0,0,0,0,0,0,0,0,0,0,0,0,0,0,0
California,Kota the Friend,54,201033,"['hip hop', 'rap', 'underground hip hop']",70,2020-02-21,2020-03-04,1,0,0,0,0,0,0,0,0,0,0,0,0,0,0,0,0,0,0,0,0,0,0,0,0,0,0,0,0,0,1,0,0,0,0,0,0,0,0,0,0,0,0,0,0,0,0,0,0,0,0,0
Newness,Jade Novah,45,27137,"['deep pop r&b', 'indie r&b']",48,2020-02-28,2020-03-04,1,0,0,0,0,0,0,0,0,0,0,0,0,0,0,0,0,0,0,0,0,0,0,0,0,0,0,0,0,0,0,0,0,0,0,0,0,0,0,0,0,0,0,0,1,0,0,0,0,0,0,0
Tequila - Jax Jones & Martin Solveig Present Europa,Jax Jones,48,695888,"['dance pop', 'edm', 'house', 'pop', 'tropical house', 'uk dance']",80,2020-02-21,2020-03-04,1,0,0,0,0,0,0,0,0,0,0,0,0,0,0,0,0,0,0,0,0,0,0,1,0,0,0,0,0,0,0,0,0,0,0,0,0,0,0,0,0,0,0,0,0,0,0,0,0,0,0,0
White Airs,Jay Prezi,38,401,[],36,2020-02-21,2020-03-04,1,0,0,0,0,0,0,0,0,0,0,0,0,0,0,0,0,0,0,0,0,0,0,0,0,0,0,0,0,0,0,0,0,0,0,0,0,0,0,0,0,0,1,0,0,0,0,0,0,0,0,0
The Routine,Jay Worthy,42,5733,"['boom bap', 'west coast trap']",51,2020-02-21,2020-03-04,1,0,0,0,0,0,0,0,0,0,0,0,0,0,0,0,0,0,0,0,0,0,0,0,0,0,0,0,0,0,0,0,1,0,0,0,0,0,0,0,0,0,0,0,0,0,0,0,0,0,0,0
Take My Hand,Jerome,58,13086,['german house'],67,2020-02-21,2020-03-04,1,0,0,0,0,0,0,0,0,0,0,0,0,0,0,0,0,0,0,0,0,0,0,0,0,0,0,0,0,0,0,0,0,0,0,0,0,0,0,0,0,0,0,1,0,0,0,0,0,0,0,0
This is Us,Jimmie Allen,66,50829,"['contemporary country', 'country pop']",67,2020-02-21,2020-03-04,1,0,0,0,0,0,0,0,0,0,0,0,0,0,0,0,0,0,0,0,0,0,0,0,0,0,0,0,0,0,0,1,0,0,0,0,0,0,0,0,0,0,0,0,0,0,0,0,0,0,0,0
JOHN CENA,Joey Trap,42,403222,"['dark trap', 'san diego rap', 'underground hip hop', 'vapor trap']",67,2020-02-20,2020-03-04,1,0,0,0,0,0,0,0,0,0,0,0,1,0,0,0,0,0,0,0,0,0,0,0,0,0,0,0,0,0,0,0,0,0,0,0,0,0,0,0,0,0,0,0,0,0,0,0,0,0,0,0
Phobias,Johnny Orlando,62,420537,"['canadian pop', 'social media pop']",60,2020-02-21,2020-03-04,1,0,0,0,0,0,0,0,0,0,0,0,0,0,0,0,0,0,0,0,0,0,0,0,0,0,0,0,0,0,0,1,0,0,0,0,0,0,0,0,0,0,0,0,0,0,0,0,0,0,0,0
Shooters,Juice,50,4079,['swedish urban'],52,2020-02-27,2020-03-04,1,1,0,0,0,0,0,0,0,0,0,0,0,0,0,0,0,0,0,0,0,0,0,0,0,0,0,0,0,0,0,0,0,0,0,0,0,0,0,0,0,0,0,0,0,0,0,0,0,0,0,0
Lifestyle,Juice,54,4079,['swedish urban'],52,2020-02-18,2020-03-04,1,1,0,0,0,0,0,0,0,0,0,0,0,0,0,0,0,0,0,0,0,0,0,0,0,0,0,0,0,0,0,0,0,0,0,0,0,0,0,0,0,0,0,0,0,0,0,0,0,0,0,0
Distance,Junoflo,43,43508,['k-hop'],48,2020-02-25,2020-03-04,1,0,0,0,0,0,0,0,1,0,0,0,0,0,0,0,0,0,0,0,0,0,0,0,0,0,0,0,0,0,0,0,0,0,0,0,0,0,0,0,0,0,0,0,0,0,0,0,0,0,0,0
Holes,Just Matthew™,38,5122,['pinoy trap'],44,2020-02-21,2020-03-04,1,0,0,0,0,0,0,0,1,0,0,0,0,0,0,0,0,0,0,0,0,0,0,0,0,0,0,0,0,0,0,0,0,0,0,0,0,0,0,0,0,0,0,0,0,0,0,0,0,0,0,0
D-Day,Kalou,29,1082,['hong kong hip hop'],40,2020-02-28,2020-03-04,1,0,0,0,0,0,0,0,1,0,0,0,0,0,0,0,0,0,0,0,0,0,0,0,0,0,0,0,0,0,0,0,0,0,0,0,0,0,0,0,0,0,0,0,0,0,0,0,0,0,0,0
1-800-IM-HORNY,Kamaiyah,46,96470,"['cali rap', 'west coast trap']",69,2020-02-21,2020-03-04,1,0,0,0,0,0,0,0,0,0,1,0,0,0,0,0,0,0,0,0,0,0,0,0,0,0,0,0,0,0,0,0,0,0,0,0,0,0,0,0,0,0,0,0,0,0,0,0,0,0,0,0
Get Ratchet,Kamaiyah,46,96470,"['cali rap', 'west coast trap']",69,2020-02-21,2020-03-04,1,0,0,0,0,0,0,0,0,0,0,0,0,0,0,0,0,0,0,0,0,0,0,0,0,0,0,0,0,0,0,0,0,0,0,0,0,0,0,0,0,0,0,0,0,0,0,0,0,0,0,1
God Whispered Your Name,Keith Urban,63,3583344,"['australian country', 'australian pop', 'contemporary country', 'country', 'country road']",76,2020-02-27,2020-03-04,1,0,0,0,0,0,0,0,0,0,0,0,0,0,0,0,0,0,0,0,0,0,0,0,0,0,0,0,0,0,0,1,0,0,0,0,0,0,0,0,0,0,0,0,0,0,0,0,0,0,0,0
hole in the bottle,Kelsea Ballerini,57,747021,"['contemporary country', 'pop', 'post-teen pop']",77,2020-02-28,2020-03-04,1,0,0,0,0,0,0,0,0,0,0,0,0,0,0,0,0,0,0,0,0,0,0,0,0,0,0,0,0,0,0,0,0,0,0,0,0,0,0,0,1,0,0,0,0,0,0,0,0,0,0,0
LOCO (feat. Dark Polo Gang),Kidd Keo,62,1125261,['trap espanol'],74,2020-02-28,2020-03-04,1,0,0,0,0,0,0,0,0,0,0,0,0,0,0,1,0,0,0,0,0,0,0,0,0,0,0,0,0,0,0,0,0,0,0,0,0,0,0,0,0,0,0,0,0,0,0,0,0,0,0,0
Sisa,King Promise,48,21095,"['afro dancehall', 'afropop', 'azontobeats', 'ghanaian pop']",59,2020-02-21,2020-03-04,1,0,0,1,0,0,0,0,0,0,0,0,0,0,0,0,0,0,0,0,0,0,0,0,0,0,0,0,0,0,0,0,0,0,0,0,0,0,0,0,0,0,0,0,0,0,0,0,0,0,0,0
Took Her To The O,King Von,64,115537,"['chicago rap', 'trap']",67,2020-02-21,2020-03-04,1,0,0,0,0,0,0,0,0,0,0,0,0,0,0,0,0,0,0,0,0,0,0,0,0,0,0,0,0,0,1,0,0,0,0,0,0,0,0,0,0,0,0,0,0,0,0,0,0,0,0,0
BLOOMING,Kodie Shane,38,73153,"['atl hip hop', 'trap queen', 'vapor trap']",60,2020-02-21,2020-03-04,1,0,0,0,0,0,0,0,0,0,0,0,0,0,0,0,0,0,0,0,0,0,0,0,0,0,0,0,1,0,0,0,0,0,0,0,0,0,0,0,0,0,0,0,0,0,0,0,0,0,0,0
hot tub DREAM Machine,tobi lou,57,146684,['alternative r&b'],71,2020-02-21,2020-03-04,1,0,0,0,0,0,0,0,0,0,0,0,0,0,0,0,0,0,0,0,0,0,0,0,0,1,0,0,0,0,0,0,0,0,0,0,0,0,0,0,0,0,0,0,0,0,0,0,0,0,0,0
